Name,Adjusted Character,Attributes,Blessing of the Lantern,BotL Date in GL,BotL Date in JP,BotL Lv.2 Date in JP,BotL Lv.2 in JP,Class,Class Breakthrough,Class Breakthrough Date in GL,Class Breakthrough Date in JP,Continent,Crit,Crit (Lv. 120),E.Atk,E.Atk (Lv. 120),E.Def,E.Def (Lv. 120),GL Release Date,GL Score,GL Tier,General pool,HP,HP (Lv. 120),Influence,JP Release Date,JP Tier,JP game8 Score,Japanese Name,Job,Location,Obtained from,Overcharge,Overcharge Date in GL,Overcharge Date in JP,P.Atk,P.Atk (Lv. 120),P.Def,P.Def (Lv. 120),SP,SP (Lv. 120),Spd,Spd (Lv. 120),Weakness to hit
Krauser,No,"Character%20List/Spear_Polearm.png, Character%20List/Wind.png",Available in GL,22 de mayo de 2025,24 de agosto de 2023,,Unavailable,⭐️⭐️⭐️⭐️⭐️,Available in GL,22 de mayo de 2025,22 de febrero de 2024,Orsterra,270,305,240,290,300,350,23 de agosto de 2023,"6,9",B (6.99 - 6.00),Never,3330,4230,Power,14 de abril de 2022,F+ | 8.5,"8,5",クラウザー,Merchant,Memoir,Traveler of Memories,Available in JP,,25 de septiembre de 2025,444,509,373,423,322,402,215,250,"Polearm, Wind"
Ri’tu,No,"Character%20List/Dagger.png, Character%20List/Lightning_Thunder.png",Available in GL,1 de mayo de 2025,11 de abril de 2024,,Unavailable,⭐️⭐️⭐️⭐️⭐️,Available in GL,8 de mayo de 2025,11 de abril de 2024,Orsterra,333,383,276,326,232,282,7 de diciembre de 2022,"4,08",D (4.99 - 4.00),Never,2782,3602,Power,13 de mayo de 2021,F | 8.0,8,リトゥ,Thief,Flamesgrace,Tourney,Unavailable,,,403,468,259,279,322,402,410,475,"Dagger, Lightning"
Odette,No,"Character%20List/Tome.png, Character%20List/Wind%201.png, Character%20List/Light.png",Available in GL,13 de marzo de 2025,31 de agosto de 2023,,Unavailable,⭐️⭐️⭐️⭐️⭐️,Available in GL,13 de marzo de 2025,31 de enero de 2024,Orsterra,221,271,409,474,320,370,21 de septiembre de 2022,"5,7",C (5.99 - 5.00),Never,2911,3571,Power,1 de julio de 2021,D | 9.2-9.1,"9,1",オデット,Scholar,Sunshade,Sacred Blaze Guidance,Unavailable,,,226,276,281,331,567,657,313,363,"Light, Tome, Wind"
Viola,No,"Character%20List/Dagger%201.png, Character%20List/Fire.png",Available in GL,16 de enero de 2025,28 de septiembre de 2023,,Unavailable,⭐️⭐️⭐️⭐️⭐️,Available in GL,24 de julio de 2025,12 de septiembre de 2024,Orsterra,338,388,251,301,253,303,27 de julio de 2022,"6,2",B (6.99 - 6.00),Yes,2892,3712,Wealth,28 de octubre de 2020,C | 9.4-9.3,"9,3",ヴィオラ,Thief,Sunshade,Chance Encounters,Available in JP,,27 de febrero de 2025,373,438,280,300,322,402,435,500,"Dagger, Fire"
Chloe,No,"Character%20List/Bow.png, Character%20List/Wind%202.png",Available in GL,27 de febrero de 2025,9 de noviembre de 2023,,Unavailable,⭐️⭐️⭐️⭐️⭐️,Available in GL,21 de agosto de 2025,9 de mayo de 2024,Orsterra,295,360,335,385,288,308,10 de mayo de 2023,"5,67",C (5.99 - 5.00),Yes,2982,3802,Power,6 de enero de 2022,E | 9.0,9,クロエ,Hunter,Grandport,Chance Encounters,Available in JP,,5 de junio de 2025,362,427,193,243,411,491,390,440,"Bow, Wind"
Lumis,No,"Character%20List/Axe.png, Character%20List/Wind%203.png",Available in GL,13 de febrero de 2025,12 de octubre de 2023,,Unavailable,⭐️⭐️⭐️⭐️⭐️,Available in JP,,23 de mayo de 2024,Orsterra,244,294,303,368,224,274,28 de septiembre de 2022,"3,46",E (3.99 - 0.00),Yes,3165,3985,Fame,25 de febrero de 2021,F+ | 8.5,"8,5",リュミス,Apothecary,Donescu,Chance Encounters,Unavailable,,,365,415,356,406,379,449,333,383,"Axe, Wind"
Tressa,No,"Character%20List/Spear_Polearm%201.png, Character%20List/Wind%204.png",Available in GL,23 de enero de 2025,13 de julio de 2023,8 de enero de 2026,Available in JP,⭐️⭐️⭐️⭐️⭐️,Available in GL,23 de enero de 2025,12 de octubre de 2023,Orsterra,241,276,360,410,285,335,27 de julio de 2022,"4,64",D (4.99 - 4.00),Yes,3080,3980,Wealth,1 de enero de 2021,D | 9.2-9.1,"9,1",トレサ,Merchant,Rippletide,Chance Encounters,Available in JP,,7 de noviembre de 2024,384,449,333,383,357,437,240,275,"Polearm, Wind"
Sarisa,No,"Character%20List/Dagger%202.png, Character%20List/Fire%201.png",Available in GL,20 de marzo de 2025,7 de diciembre de 2023,,Unavailable,⭐️⭐️⭐️⭐️⭐️,Available in GL,14 de agosto de 2025,6 de junio de 2024,Orsterra,333,383,336,386,213,263,15 de noviembre de 2023,"6,1",B (6.99 - 6.00),Yes,2882,3702,Power,23 de junio de 2022,C | 9.4-9.3,"9,4",サリサ,Thief,Sheperd's Rock,Chance Encounters,Available in JP,,21 de noviembre de 2024,368,433,235,255,332,412,445,510,"Dagger, Fire"
Aedelgard,No,"Character%20List/Sword.png, Character%20List/Fire%202.png",Available in GL,20 de marzo de 2025,7 de diciembre de 2023,,Unavailable,⭐️⭐️⭐️⭐️⭐️,Available in GL,14 de agosto de 2025,6 de junio de 2024,Orsterra,313,363,252,302,234,284,15 de noviembre de 2023,4,D (4.99 - 4.00),Yes,3232,4052,Fame,14 de julio de 2022,D | 9.2-9.1,"9,1",エデルガルト,Warrior,Cragspear,Chance Encounters,Available in JP,,21 de noviembre de 2024,409,474,346,411,381,451,260,295,"Fire, Sword"
Lemaire,No,"Character%20List/Fan.png, Character%20List/Fire%203.png, Character%20List/Ice.png, Character%20List/Lightning_Thunder%201.png, Character%20List/Wind%205.png, Character%20List/Light%201.png, Character%20List/Dark.png",Available in GL,13 de febrero de 2025,9 de noviembre de 2023,,Unavailable,⭐️⭐️⭐️⭐️⭐️,Available in GL,7 de agosto de 2025,29 de agosto de 2024,Orsterra,233,268,434,499,337,387,10 de abril de 2024,"6,44",B (6.99 - 6.00),Yes,2771,3591,Fame,24 de noviembre de 2022,C | 9.4-9.3,"9,3",ルメール,Dancer,Theatropolis,Chance Encounters,Unavailable,,,230,280,235,285,489,559,387,452,"Dark, Fan, Fire, Ice, Light, Lightning, Wind"
Nona,No,"Character%20List/Spear_Polearm%202.png, Character%20List/Fire%204.png",Available in GL,20 de febrero de 2025,14 de febrero de 2024,,Unavailable,⭐️⭐️⭐️⭐️⭐️,Available in GL,20 de febrero de 2025,14 de febrero de 2024,Orsterra,241,276,325,375,291,341,17 de mayo de 2023,"4,58",D (4.99 - 4.00),Yes,3465,4365,Wealth,20 de enero de 2022,D | 9.2-9.1,"9,2",ノーニャ,Merchant,Berecain,Chance Encounters,Available in GL,30 de abril de 2026,,382,447,317,367,332,412,225,260,"Fire, Polearm"
Eleonora,No,"Character%20List/Fan%201.png, Character%20List/Ice%201.png",Available in GL,6 de marzo de 2025,22 de noviembre de 2023,,Unavailable,⭐️⭐️⭐️⭐️⭐️,Available in GL,28 de agosto de 2025,23 de mayo de 2024,Orsterra,247,282,433,498,377,427,31 de mayo de 2023,"4,92",D (4.99 - 4.00),Yes,2786,3606,Fame,3 de febrero de 2022,D | 9.2-9.1,"9,2",エレオノーラ,Dancer,Atlasdam,Chance Encounters,Available in JP,,24 de octubre de 2024,253,303,214,264,504,574,352,417,"Fan, Ice"
Richard,No,"Character%20List/Sword%201.png, Character%20List/Lightning_Thunder%202.png",Available in GL,27 de marzo de 2025,14 de marzo de 2024,,Unavailable,⭐️⭐️⭐️⭐️⭐️,Available in GL,28 de agosto de 2025,11 de julio de 2024,Orsterra,273,323,247,297,251,301,7 de junio de 2023,"7,63",A (8.49 - 7.00),Never,3247,4067,Fame,10 de febrero de 2022,C | 9.4-9.3,"9,3",リシャール,Warrior,Memoir,Traveler of Memories,Unavailable,,,409,474,353,418,306,376,330,365,"Lightning, Sword"
Nicola,Yes,"Character%20List/Dagger%203.png, Character%20List/Light%202.png",Available in GL,6 de febrero de 2025,5 de octubre de 2023,,Unavailable,⭐️⭐️⭐️⭐️⭐️,Available in GL,6 de febrero de 2025,7 de diciembre de 2023,Orsterra,328,378,266,316,248,298,14 de diciembre de 2022,"5,78",C (5.99 - 5.00),Yes,2877,3697,Fame,11 de diciembre de 2020,E | 9.0,9,ニコラ,Thief,Emberglow,Chance Encounters,Available in JP,,5 de diciembre de 2024,353,418,275,295,347,427,425,490,"Dagger, Light"
Tressa EX,No,"Character%20List/Bow%201.png, Character%20List/Fire%205.png",Available in GL,27 de febrero de 2025,16 de noviembre de 2023,,Unavailable,⭐️⭐️⭐️⭐️⭐️,Available in GL,27 de febrero de 2025,16 de noviembre de 2023,Orsterra,241,306,360,410,285,305,22 de noviembre de 2023,"4,15",D (4.99 - 4.00),Yes,3080,3900,Wealth,8 de septiembre de 2022,F | 8.0,8,トレサEx,Hunter,Rippletide,Chance Encounters,Unavailable,,,384,449,333,383,357,437,240,290,"Bow, Fire"
Cyrus,No,"Character%20List/Tome%201.png, Character%20List/Fire%206.png, Character%20List/Ice%202.png, Character%20List/Lightning_Thunder%203.png",Available in GL,23 de enero de 2025,13 de julio de 2023,23 de octubre de 2025,Available in JP,⭐️⭐️⭐️⭐️⭐️,Available in GL,23 de enero de 2025,26 de octubre de 2023,Orsterra,246,296,454,519,330,380,21 de diciembre de 2022,"6,73",B (6.99 - 6.00),Yes,2746,3406,Fame,18 de marzo de 2021,E | 9.0,9,サイラス,Scholar,Theatropolis,Chance Encounters,Available in GL,30 de octubre de 2025,6 de enero de 2025,236,286,281,331,582,672,253,303,"Fire, Ice, Lightning, Tome"
Rondo,Yes,"Character%20List/Sword%202.png, Character%20List/Light%203.png",Available in GL,27 de marzo de 2025,14 de marzo de 2024,,Unavailable,⭐️⭐️⭐️⭐️⭐️,Available in GL,11 de septiembre de 2025,13 de junio de 2024,Orsterra,283,333,282,332,251,301,30 de agosto de 2023,"6,6",B (6.99 - 6.00),Never,3212,4032,Fame,26 de mayo de 2022,D | 9.2-9.1,9,ロンド,Warrior,Memoir,Traveler of Memories,Available in JP,,25 de septiembre de 2025,424,489,343,408,356,426,265,300,"Light, Sword"
Heathcote,No,"Character%20List/Dagger%204.png, Character%20List/Wind%206.png",Available in GL,15 de mayo de 2025,20 de julio de 2023,,Unavailable,⭐️⭐️⭐️⭐️⭐️,Available in GL,15 de mayo de 2025,11 de abril de 2024,Orsterra,343,393,286,336,253,303,3 de agosto de 2022,"2,78",E (3.99 - 0.00),Yes,2822,3642,Power,12 de noviembre de 2020,F | 8.0,8,ヒースコート,Thief,Cragspear,Chance Encounters,Available in JP,,5 de diciembre de 2024,348,413,280,300,342,422,420,485,"Dagger, Wind"
Molu,No,"Character%20List/Tome%202.png, Character%20List/Fire%207.png",Available in GL,13 de febrero de 2025,26 de octubre de 2023,,Unavailable,⭐️⭐️⭐️⭐️⭐️,Available in GL,12 de junio de 2025,25 de abril de 2024,Orsterra,246,296,414,479,320,370,11 de enero de 2023,"4,46",D (4.99 - 4.00),Yes,2831,3491,Wealth,27 de mayo de 2021,F+ | 8.5,"8,5",ムールゥ,Scholar,Sufrataljah,Chance Encounters,Available in JP,,19 de junio de 2025,241,291,261,311,562,652,293,343,"Fire, Tome"
Primrose,No,"Character%20List/Fan%202.png, Character%20List/Dark%201.png",Available in GL,23 de enero de 2025,27 de julio de 2023,,Unavailable,⭐️⭐️⭐️⭐️⭐️,Available in GL,10 de julio de 2025,8 de agosto de 2024,Orsterra,247,282,442,507,332,382,10 de agosto de 2022,"5,47",C (5.99 - 5.00),Yes,2706,3526,Power,13 de julio de 2021,D | 9.2-9.1,"9,1",プリムロゼ,Dancer,Sunshade,Chance Encounters,Available in JP,,16 de enero de 2025,240,290,230,280,504,574,392,457,"Dark, Fan"
Cecily,No,"Character%20List/Spear_Polearm%203.png, Character%20List/Axe%201.png, Character%20List/Tome%203.png, Character%20List/Light%204.png",Available in GL,20 de febrero de 2025,14 de febrero de 2024,,Unavailable,⭐️⭐️⭐️⭐️⭐️,Available in GL,20 de febrero de 2025,14 de febrero de 2024,Orsterra,216,251,270,320,270,320,13 de septiembre de 2023,"7,08",A (8.49 - 7.00),Yes,3290,4190,Fame,7 de octubre de 2021,E | 9.0,9,セシリー,Merchant,Grandport,Chance Encounters,Available in GL,30 de abril de 2026,,384,449,313,363,397,477,330,365,"Axe, Light, Polearm, Tome"
Elrica,Yes,"Character%20List/Sword%203.png, Character%20List/Fire%208.png, Character%20List/Lightning_Thunder%204.png, Character%20List/Light%205.png, Character%20List/Dark%202.png",Available in GL,23 de octubre de 2025,22 de agosto de 2024,23 de octubre de 2025,Available in JP,⭐️⭐️⭐️⭐️⭐️,Available in GL,23 de octubre de 2025,22 de agosto de 2024,Orsterra,333,383,227,277,251,301,24 de abril de 2024,7,A (8.49 - 7.00),Never,3232,4052,Power,1 de enero de 2023,C | 9.4-9.3,"9,4",エリカ,Warrior,Memoir,Traveler of Memories,Available in JP,,29 de mayo de 2025,429,494,338,403,346,416,270,305,"Dark, Light, Sword"
Stead,No,"Character%20List/Staff_Staves.png, Character%20List/Dark%203.png",Available in GL,6 de febrero de 2025,21 de septiembre de 2023,5 de febrero de 2026,Available in JP,⭐️⭐️⭐️⭐️⭐️,Available in GL,7 de agosto de 2025,4 de julio de 2024,Orsterra,273,308,390,455,394,459,28 de septiembre de 2022,"3,23",E (3.99 - 0.00),Yes,2807,3547,Wealth,11 de marzo de 2021,D | 9.2-9.1,"9,1",ステッド,Cleric,Donescu,Chance Encounters,Available in GL,30 de octubre de 2025,7 de noviembre de 2024,266,316,287,337,385,465,286,336,"Dark, Staff"
Sonia,No,"Character%20List/Dagger%205.png, Character%20List/Wind%207.png",Available in GL,27 de marzo de 2025,21 de septiembre de 2023,,Unavailable,⭐️⭐️⭐️⭐️⭐️,Available in GL,3 de julio de 2025,16 de mayo de 2024,Orsterra,293,343,351,401,238,288,24 de enero de 2024,"7,14",A (8.49 - 7.00),Never,2902,3722,Wealth,28 de octubre de 2022,C | 9.4-9.3,"9,3",ソニア,Thief,Memoir,Traveler of Memories,Available in JP,,25 de septiembre de 2025,373,438,255,275,337,417,430,495,"Dagger, Wind"
Glossom,No,"Character%20List/Fan%203.png, Character%20List/Lightning_Thunder%205.png",Available in GL,3 de julio de 2025,6 de junio de 2024,,Unavailable,⭐️⭐️⭐️⭐️⭐️,Available in GL,3 de julio de 2025,6 de junio de 2024,Orsterra,270,305,337,402,332,382,5 de octubre de 2022,"3,69",E (3.99 - 0.00),Never,2733,3553,Power,11 de marzo de 2021,F+ | 8.5,"8,5",グロッサム,Dancer,Donescu,Tourney,Unavailable,,,340,390,235,285,479,549,337,402,"Fan, Lightning"
Primrose EX,No,"Character%20List/Axe%202.png, Character%20List/Lightning_Thunder%206.png",Available in GL,24 de abril de 2025,31 de enero de 2024,,Unavailable,⭐️⭐️⭐️⭐️⭐️,Available in GL,,26 de septiembre de 2024,Orsterra,247,297,442,507,332,382,22 de noviembre de 2023,"8,07",A (8.49 - 7.00),Yes,2706,3526,Power,22 de septiembre de 2022,C | 9.4-9.3,"9,4",プリムロゼEx,Apothecary,Sunshade,Chance Encounters,Available in JP,,,240,290,230,280,504,574,392,442,"Axe, Lightning"
Millard EX,Yes,"Character%20List/Spear_Polearm%204.png, Character%20List/Ice%203.png",Available in GL,25 de diciembre de 2025,14 de diciembre de 2023,11 de diciembre de 2025,Available in JP,⭐️⭐️⭐️⭐️⭐️,Available in GL,25 de diciembre de 2025,14 de diciembre de 2023,Orsterra,278,313,365,415,419,469,6 de diciembre de 2023,"6,2",B (6.99 - 6.00),Never,2772,3672,Fame,8 de diciembre de 2022,F+ | 8.5,"8,5",ミロードEx,Merchant,Valore,Hallowed Travelers,Available in GL,25 de diciembre de 2025,12 de diciembre de 2024,251,316,292,342,420,500,296,331,"Ice, Polearm"
Harley,Yes,"Character%20List/Fan%204.png, Character%20List/Wind%208.png",Available in GL,15 de mayo de 2025,14 de septiembre de 2023,,Unavailable,⭐️⭐️⭐️⭐️⭐️,Available in GL,15 de mayo de 2025,11 de abril de 2024,Orsterra,262,297,380,445,351,401,28 de diciembre de 2022,"4,42",D (4.99 - 4.00),Yes,2831,3651,Fame,10 de febrero de 2021,E | 9.0,9,ハーレー,Dancer,Victors Hollow,Chance Encounters,Available in GL,,27 de marzo de 2025,257,307,239,289,452,522,356,421,"Fan, Wind"
Alaune,No,"Character%20List/Tome%204.png, Character%20List/Fire%209.png, Character%20List/Light%206.png",Available in GL,24 de abril de 2025,25 de enero de 2024,,Unavailable,⭐️⭐️⭐️⭐️⭐️,Available in GL,24 de abril de 2025,25 de enero de 2024,Orsterra,211,261,404,469,360,410,28 de junio de 2023,"4,25",D (4.99 - 4.00),Never,2906,3566,Power,31 de marzo de 2022,D | 9.2-9.1,"9,1",アラウネ,Scholar,Memoir,Traveler of Memories,Unavailable,,,201,251,316,366,577,667,293,343,"Fire, Light, Tome"
Hammy,No,"Character%20List/Tome%205.png, Character%20List/Ice%204.png",Available in GL,,12 de septiembre de 2024,,Unavailable,⭐️⭐️⭐️⭐️⭐️,Available in GL,,12 de septiembre de 2024,Orsterra,276,326,279,344,295,345,7 de febrero de 2024,"5,78",C (5.99 - 5.00),Never,2756,3416,Fame,10 de noviembre de 2022,C | 9.4-9.3,"9,3",ハミィ,Scholar,I'cirlo,Tourney,Unavailable,,,401,451,256,306,350,440,403,453,"Ice, Tome"
Varkyn,No,"Character%20List/Tome%206.png, Character%20List/Light%207.png",Available in GL,19 de junio de 2025,12 de septiembre de 2024,,Unavailable,⭐️⭐️⭐️⭐️⭐️,Available in GL,19 de junio de 2025,12 de septiembre de 2024,Orsterra,231,281,419,484,300,350,2 de noviembre de 2022,"5,31",C (5.99 - 5.00),Never,3026,3686,Power,8 de abril de 2021,F+ | 8.5,"8,5",ヴァルカン,Scholar,Cathedral of Thytos,Tourney,Available in GL,23 de abril de 2026,,231,281,286,336,502,592,273,323,"Light, Tome"
H’aanit EX,No,"Character%20List/Fan%205.png, Character%20List/Fire%2010.png",Available in GL,24 de abril de 2025,4 de enero de 2024,,Unavailable,⭐️⭐️⭐️⭐️⭐️,Available in GL,,9 de mayo de 2024,Orsterra,342,377,327,392,255,305,7 de febrero de 2024,"7,63",A (8.49 - 7.00),Yes,3096,3916,Fame,2 de febrero de 2023,C | 9.4-9.3,"9,3",ハンイットEx,Dancer,Valore,Chance Encounters,Available in JP,,,388,438,231,281,369,439,350,415,"Fan, Fire"
Falco,Yes,"Character%20List/Dagger%206.png, Character%20List/Ice%205.png",Available in GL,6 de febrero de 2025,5 de octubre de 2023,,Unavailable,⭐️⭐️⭐️⭐️⭐️,Available in GL,6 de febrero de 2025,14 de marzo de 2024,Orsterra,338,388,246,296,278,328,8 de marzo de 2023,"5,36",C (5.99 - 5.00),Yes,2902,3722,Power,26 de agosto de 2021,E | 9.0,9,ファルコ,Thief,Flamesgrace,Chance Encounters,Available in GL,,5 de junio de 2025,348,413,300,320,362,442,410,475,"Dagger, Ice"
Promme,No,"Character%20List/Staff_Staves%201.png, Character%20List/Fire%2011.png",Available in GL,6 de febrero de 2025,21 de septiembre de 2023,,Unavailable,⭐️⭐️⭐️⭐️⭐️,Available in GL,6 de febrero de 2025,28 de marzo de 2024,Orsterra,283,318,385,450,379,444,20 de septiembre de 2023,"3,63",E (3.99 - 0.00),Yes,2897,3637,Power,10 de junio de 2021,E | 9.0,9,プロメ,Cleric,Victors Hollow,Chance Encounters,Available in GL,30 de abril de 2026,,276,326,277,327,390,470,266,316,"Fire, Staff"
Tytos,Yes,"Character%20List/Sword%204.png, Character%20List/Lightning_Thunder%207.png",Available in GL,18 de diciembre de 2025,2 de noviembre de 2023,,Unavailable,⭐️⭐️⭐️⭐️⭐️,Available in GL,18 de diciembre de 2025,2 de noviembre de 2023,Orsterra,338,388,257,307,231,281,26 de julio de 2023,"5,88",C (5.99 - 5.00),Never,3252,4072,Power,28 de abril de 2022,F+ | 8.5,"8,5",タイタス,Warrior,Memoir,Champion of Memories,Available in GL,18 de diciembre de 2025,24 de octubre de 2024,449,514,358,423,306,376,280,315,"Lightning, Sword"
Therese,No,"Character%20List/Tome%207.png, Character%20List/Lightning_Thunder%208.png",Available in GL,13 de febrero de 2025,17 de agosto de 2023,,Unavailable,⭐️⭐️⭐️⭐️⭐️,Available in GL,13 de febrero de 2025,18 de enero de 2024,Orsterra,266,316,374,439,330,380,17 de agosto de 2022,"2,75",E (3.99 - 0.00),Yes,2876,3536,Fame,26 de noviembre de 2020,F | 8.0,8,テレーズ,Scholar,Theatropolis,Chance Encounters,Available in GL,,6 de enero de 2025,226,276,281,331,567,657,303,353,"Lightning, Tome"
Serenoa,No,"Character%20List/Sword%205.png, Character%20List/Fire%2012.png",Available in GL,29 de mayo de 2025,4 de enero de 2024,,Unavailable,⭐️⭐️⭐️⭐️⭐️,Available in GL,29 de mayo de 2025,4 de enero de 2024,Norzelia (TRIANGLE STRATEGY),348,398,242,292,216,266,20 de septiembre de 2023,"5,43",C (5.99 - 5.00),Never,3222,4042,Power,28 de julio de 2022,F+ | 8.5,"8,5",セレノア,Warrior,Memoir,Free (Collab Traveler Story),Available in JP,,17 de julio de 2025,379,444,338,403,301,371,315,350,"Fire, Sword"
Kouren,No,"Character%20List/Sword%206.png, Character%20List/Light%208.png",Available in GL,27 de febrero de 2025,22 de noviembre de 2023,,Unavailable,⭐️⭐️⭐️⭐️⭐️,Available in GL,28 de agosto de 2025,15 de agosto de 2024,Orsterra,343,393,327,377,216,266,24 de agosto de 2022,"3,77",E (3.99 - 0.00),Yes,3222,4042,Wealth,21 de julio de 2021,F | 8.0,8,コウレン,Warrior,Grandport,Chance Encounters,Available in GL,30 de octubre de 2025,19 de diciembre de 2024,384,449,298,363,291,361,295,330,"Light, Sword"
Elvis,No,"Character%20List/Tome%208.png, Character%20List/Lightning_Thunder%209.png",Available in GL,,29 de junio de 2023,,Unavailable,⭐️⭐️⭐️⭐️⭐️,Available in GL,,22 de noviembre de 2023,Excillant (BRAVELY DEFAULT II),226,276,374,439,305,355,5 de octubre de 2022,"2,78",E (3.99 - 0.00),Never,3136,3796,Fame,28 de abril de 2021,F+ | 8.5,"8,5",エルヴィス,Scholar,Theatropolis,Free (Collab Traveler Story),Available in GL,14 de mayo de 2026,,246,296,276,326,502,592,273,323,"Lightning, Tome"
Z’aanta,No,"Character%20List/Bow%202.png, Character%20List/Dagger%207.png, Character%20List/Fan%206.png, Character%20List/Light%209.png",Available in GL,6 de marzo de 2025,14 de septiembre de 2023,,Unavailable,⭐️⭐️⭐️⭐️⭐️,Available in GL,6 de marzo de 2025,28 de marzo de 2024,Orsterra,365,430,290,340,233,253,9 de noviembre de 2022,"5,25",C (5.99 - 5.00),Yes,3222,4042,Wealth,28 de enero de 2021,F | 8.0,8,ザンター,Hunter,Victors Hollow,Chance Encounters,Unavailable,,,397,462,238,288,371,451,315,365,"Bow, Dagger, Fan, Light"
Nephti,Yes,"Character%20List/Axe%203.png, Character%20List/Staff_Staves%202.png, Character%20List/Tome%209.png",Available in GL,17 de abril de 2025,21 de septiembre de 2023,22 de enero de 2026,Available in JP,⭐️⭐️⭐️⭐️⭐️,Available in GL,17 de abril de 2025,21 de diciembre de 2023,Orsterra,203,253,251,316,360,410,21 de febrero de 2024,"7,71",A (8.49 - 7.00),Never,3200,4020,Fame,19 de enero de 2023,D | 9.2-9.1,"9,1",ネフティ,Apothecary,Memoir,Traveler of Memories,Available in JP,,25 de septiembre de 2025,355,405,400,450,348,418,286,336,"Axe, Staff, Tome"
Gertrude,No,"Character%20List/Axe%204.png, Character%20List/Dark%204.png",Available in GL,1 de mayo de 2025,31 de enero de 2024,,Unavailable,⭐️⭐️⭐️⭐️⭐️,Available in GL,22 de mayo de 2025,31 de enero de 2024,Orsterra,246,296,306,371,222,272,11 de enero de 2023,"4,27",D (4.99 - 4.00),Never,3235,4055,Wealth,10 de junio de 2021,F | 8.0,8,ガートルード,Apothecary,Sufrataljah,Tourney,Unavailable,,,404,454,321,371,388,458,231,281,"Axe, Dark"
Adelle,No,"Character%20List/Dagger%208.png, Character%20List/Light%2010.png",Available in GL,10 de abril de 2025,29 de junio de 2023,,Unavailable,⭐️⭐️⭐️⭐️⭐️,Available in GL,10 de abril de 2025,30 de noviembre de 2023,Excillant (BRAVELY DEFAULT II),348,398,266,316,228,278,5 de octubre de 2022,"4,63",D (4.99 - 4.00),Never,2887,3707,Wealth,28 de abril de 2021,F+ | 8.5,"8,5",アデル,Thief,Nameless Town,BRAVELY DEFAULT Crossover Guidance,Available in GL,14 de mayo de 2026,,398,463,255,275,327,407,425,490,"Dagger, Light"
Lumis EX,Yes,"Character%20List/Bow%203.png, Character%20List/Lightning_Thunder%2010.png",Available in GL,25 de diciembre de 2025,14 de diciembre de 2023,11 de diciembre de 2025,Available in JP,⭐️⭐️⭐️⭐️⭐️,Available in GL,25 de diciembre de 2025,14 de diciembre de 2023,Orsterra,244,309,303,353,224,244,6 de diciembre de 2023,"6,67",B (6.99 - 6.00),Never,3165,3985,Fame,15 de diciembre de 2022,F+ | 8.5,"8,5",リュミスEx,Hunter,Donescu,Hallowed Travelers,Available in GL,25 de diciembre de 2025,12 de diciembre de 2024,365,430,356,406,379,459,333,383,"Bow, Lightning"
Lianna,No,"Character%20List/Staff_Staves%203.png, Character%20List/Ice%206.png",Available in GL,13 de marzo de 2025,31 de agosto de 2023,,Unavailable,⭐️⭐️⭐️⭐️⭐️,Available in GL,2 de octubre de 2025,1 de agosto de 2024,Orsterra,283,318,360,425,429,494,24 de noviembre de 2022,"4,3",D (4.99 - 4.00),Never,2762,3502,Fame,1 de septiembre de 2021,D | 9.2-9.1,"9,1",リアナ,Cleric,Cathedral of Thytos,Sacred Blaze Guidance,Unavailable,,,256,306,312,362,350,430,276,326,"Ice, Staff"
Solon,No,"Character%20List/Tome%2010.png, Character%20List/Spear_Polearm%205.png, Character%20List/Fire%2013.png",Available in GL,22 de mayo de 2025,24 de agosto de 2023,,Unavailable,⭐️⭐️⭐️⭐️⭐️,Available in GL,22 de mayo de 2025,11 de enero de 2024,Orsterra,236,286,394,459,310,360,21 de febrero de 2024,"8,14",A (8.49 - 7.00),Never,3076,3736,Wealth,16 de febrero de 2023,B | 9.6-9.5,"9,5",ソロン,Scholar,Memoir,Traveler of Memories,Available in JP,,25 de septiembre de 2025,271,321,321,371,592,682,233,283,"Fire, Polearm, Tome"
Herminia,Yes,"Character%20List/Bow%204.png, Character%20List/Fan%207.png, Character%20List/Light%2011.png",Available in GL,18 de diciembre de 2025,2 de noviembre de 2023,,Unavailable,⭐️⭐️⭐️⭐️⭐️,Available in GL,18 de diciembre de 2025,2 de noviembre de 2023,Orsterra,400,465,250,300,258,278,26 de julio de 2023,"6,56",B (6.99 - 6.00),Never,3062,3882,Wealth,28 de abril de 2022,E | 9.0,9,ヘルミニア,Hunter,Memoir,Champion of Memories,Available in GL,18 de diciembre de 2025,24 de octubre de 2024,427,492,223,273,396,476,350,400,"Bow, Fan, Light"
Eltrix,No,"Character%20List/Sword%207.png, Character%20List/Axe%205.png, Character%20List/Dark%205.png",Available in GL,11 de septiembre de 2025,6 de junio de 2024,,Unavailable,⭐️⭐️⭐️⭐️⭐️,Available in GL,11 de septiembre de 2025,6 de junio de 2024,Orsterra,293,343,237,287,246,296,13 de diciembre de 2023,"6,6",B (6.99 - 6.00),Never,3572,4392,Wealth,25 de agosto de 2022,D | 9.2-9.1,"9,1",エルトリクス,Warrior,Memoir,Traveler of Memories,Available in JP,,25 de septiembre de 2025,404,469,328,393,301,371,270,305,"Axe, Dark, Sword"
Auguste,Yes,"Character%20List/Dagger%209.png, Character%20List/Tome%2011.png, Character%20List/Dark%206.png",Available in GL,18 de diciembre de 2025,2 de noviembre de 2023,,Unavailable,⭐️⭐️⭐️⭐️⭐️,Available in GL,18 de diciembre de 2025,2 de noviembre de 2023,Orsterra,258,308,286,336,270,320,26 de julio de 2023,"6,54",B (6.99 - 6.00),Never,3122,3942,Fame,28 de abril de 2022,F+ | 8.5,"8,5",アーギュスト,Thief,Memoir,Champion of Memories,Available in GL,18 de diciembre de 2025,24 de octubre de 2024,408,473,303,323,337,417,400,465,"Dagger, Dark, Tome"
Frederica,Yes,"Character%20List/Tome%2012.png, Character%20List/Fire%2014.png",Available in GL,29 de mayo de 2025,4 de enero de 2024,,Unavailable,⭐️⭐️⭐️⭐️⭐️,Available in GL,29 de mayo de 2025,4 de enero de 2024,Norzelia (TRIANGLE STRATEGY),211,261,414,479,355,405,20 de septiembre de 2023,"7,2",A (8.49 - 7.00),Never,2976,3636,Fame,28 de julio de 2022,D | 9.2-9.1,"9,2",フレデリカ,Scholar,Memoir,TRIANGLE STRATEGY Crossover Guidance,Available in JP,,17 de julio de 2025,221,271,281,331,562,652,293,343,"Fire, Tome"
Roland,Yes,"Character%20List/Spear_Polearm%206.png, Character%20List/Lightning_Thunder%2011.png",Available in GL,29 de mayo de 2025,4 de enero de 2024,,Unavailable,⭐️⭐️⭐️⭐️⭐️,Available in GL,29 de mayo de 2025,4 de enero de 2024,Norzelia (TRIANGLE STRATEGY),316,351,275,325,260,310,20 de septiembre de 2023,"7,44",A (8.49 - 7.00),Never,3020,3920,Fame,28 de julio de 2022,F+ | 8.5,"8,5",ロラン,Merchant,Memoir,TRIANGLE STRATEGY Crossover Guidance,Available in JP,,17 de julio de 2025,394,459,328,378,332,412,365,400,"Lightning, Polearm"
Therion,No,"Character%20List/Dagger%2010.png, Character%20List/Fire%2015.png",Available in GL,23 de enero de 2025,27 de julio de 2023,,Unavailable,⭐️⭐️⭐️⭐️⭐️,Available in GL,10 de julio de 2025,8 de agosto de 2024,Orsterra,318,368,301,351,228,278,24 de noviembre de 2022,"6,38",B (6.99 - 6.00),Yes,2892,3712,Wealth,1 de enero de 2022,E | 9.0,9,テリオン,Thief,Cragspear,Chance Encounters,Available in JP,,5 de junio de 2025,378,443,255,275,332,412,445,510,"Dagger, Fire"
Hasumi,No,"Character%20List/Fan%208.png, Character%20List/Light%2012.png",Available in GL,27 de febrero de 2025,22 de noviembre de 2023,,Unavailable,⭐️⭐️⭐️⭐️⭐️,Available in GL,28 de agosto de 2025,15 de agosto de 2024,Orsterra,264,299,417,482,356,406,31 de agosto de 2022,"4,5",D (4.99 - 4.00),Yes,2756,3576,Power,22 de septiembre de 2021,D | 9.2-9.1,"9,2",ハスミ,Dancer,Grandport,Chance Encounters,Available in GL,,19 de diciembre de 2024,230,280,265,315,502,572,317,382,"Fan, Light"
Nina-Lanna,No,"Character%20List/Tome%2013.png, Character%20List/Dark%207.png",Available in GL,6 de marzo de 2025,12 de octubre de 2023,,Unavailable,⭐️⭐️⭐️⭐️⭐️,Available in GL,14 de agosto de 2025,4 de julio de 2024,Orsterra,251,301,461,526,305,355,6 de marzo de 2024,"4,56",D (4.99 - 4.00),Yes,2806,3466,Power,9 de diciembre de 2021,F+ | 8.5,"8,5",ニーナラーナ,Scholar,Berecain,Chance Encounters,Available in GL,,16 de enero de 2025,216,266,276,326,572,662,283,333,"Dark, Tome"
H’aanit,No,"Character%20List/Bow%205.png, Character%20List/Sword%208.png, Character%20List/Spear_Polearm%207.png, Character%20List/Lightning_Thunder%2012.png",Available in GL,23 de enero de 2025,27 de julio de 2023,,Unavailable,⭐️⭐️⭐️⭐️⭐️,Available in GL,23 de enero de 2025,9 de noviembre de 2023,Orsterra,342,407,327,377,255,275,7 de septiembre de 2022,"3,93",E (3.99 - 0.00),Yes,3096,3916,Fame,5 de noviembre de 2020,F | 8.0,8,ハンイット,Hunter,Valore,Chance Encounters,Available in GL,23 de abril de 2026,19 de junio de 2025,388,453,231,281,369,449,350,400,"Bow, Lightning, Polearm, Sword"
Levina,No,"Character%20List/Tome%2014.png, Character%20List/Dagger%2011.png, Character%20List/Wind%209.png, Character%20List/Lightning_Thunder%2013.png",Available in GL,27 de marzo de 2025,18 de abril de 2024,8 de enero de 2026,Available in JP,⭐️⭐️⭐️⭐️⭐️,Available in GL,27 de marzo de 2025,18 de abril de 2024,Orsterra,231,281,474,539,285,335,13 de marzo de 2024,"5,6",C (5.99 - 5.00),Never,2876,3536,Wealth,9 de junio de 2022,C | 9.4-9.3,"9,3",レヴィーナ,Scholar,Memoir,Traveler of Memories,Unavailable,,,281,331,256,306,522,612,303,353,"Dagger, Tome, Wind"
Alfyn,No,"Character%20List/Axe%206.png, Character%20List/Ice%207.png",Available in GL,23 de enero de 2025,27 de julio de 2023,,Unavailable,⭐️⭐️⭐️⭐️⭐️,Available in GL,10 de julio de 2025,8 de agosto de 2024,Orsterra,268,318,286,351,238,288,30 de noviembre de 2022,"5,64",C (5.99 - 5.00),Yes,3235,4055,Fame,17 de marzo de 2022,D | 9.2-9.1,"9,1",アーフェン,Apothecary,Clearbrook,Chance Encounters,Unavailable,,,380,430,392,442,383,453,256,306,"Axe, Ice"
Sofia EX,No,"Character%20List/Axe%207.png, Character%20List/Wind%2010.png",Available in GL,14 de agosto de 2025,8 de agosto de 2023,,Unavailable,⭐️⭐️⭐️⭐️⭐️,Available in GL,14 de agosto de 2025,25 de julio de 2024,Orsterra,246,296,389,454,335,385,9 de agosto de 2023,"5,57",C (5.99 - 5.00),Never,2896,3716,Wealth,8 de agosto de 2022,D | 9.2-9.1,"9,1",ソフィアEx,Apothecary,Emberglow,The Marine Travelers,Available in GL,23 de abril de 2026,14 de agosto de 2025,231,281,291,341,562,632,283,333,"Axe, Wind"
Leon,No,"Character%20List/Spear_Polearm%208.png, Character%20List/Staff_Staves%204.png",Available in GL,10 de julio de 2025,30 de mayo de 2024,,Unavailable,⭐️⭐️⭐️⭐️⭐️,Available in GL,10 de julio de 2025,30 de mayo de 2024,Orsterra,246,281,240,290,285,335,27 de diciembre de 2023,7,A (8.49 - 7.00),Never,3280,4180,Wealth,29 de septiembre de 2022,E | 9.0,9,レオン,Merchant,Grandport,Sacred Blaze Guidance,Available in GL,23 de abril de 2026,,444,509,348,398,382,462,235,270,"Polearm, Staff"
Kersjes,Yes,"Character%20List/Bow%206.png, Character%20List/Ice%208.png",Available in GL,27 de febrero de 2025,12 de octubre de 2023,,Unavailable,⭐️⭐️⭐️⭐️⭐️,Available in GL,21 de agosto de 2025,29 de agosto de 2024,Orsterra,365,430,315,365,248,268,18 de enero de 2023,"3,9",E (3.99 - 0.00),Yes,3092,3912,Fame,8 de abril de 2021,F | 8.0,8,カージェス,Hunter,Victors Hollow,Chance Encounters,Unavailable,,,432,497,223,273,306,386,305,355,"Bow, Ice"
Tatloch,Yes,"Character%20List/Fan%209.png, Character%20List/Sword%209.png, Character%20List/Spear_Polearm%209.png, Character%20List/Axe%208.png, Character%20List/Staff_Staves%205.png, Character%20List/Wind%2011.png",Available in GL,19 de junio de 2025,9 de mayo de 2024,,Unavailable,⭐️⭐️⭐️⭐️⭐️,Available in GL,19 de junio de 2025,9 de mayo de 2024,G'roha,262,297,402,467,257,307,10 de enero de 2024,"7,14",A (8.49 - 7.00),Never,3236,4056,Power,13 de octubre de 2022,D | 9.2-9.1,"9,2",タトゥロック,Dancer,Memoir,Champion of Memories,Available in JP,,24 de octubre de 2024,415,465,225,275,424,494,292,357,"Axe, Fan, Polearm, Staff, Sword, Wind"
Edea,No,"Character%20List/Sword%2010.png, Character%20List/Fire%2016.png, Character%20List/Light%2013.png",Available in GL,10 de abril de 2025,29 de junio de 2023,,Unavailable,⭐️⭐️⭐️⭐️⭐️,Available in GL,10 de abril de 2025,30 de noviembre de 2023,Luxendarc (BRAVELY DEFAULT),298,348,262,312,291,341,12 de octubre de 2022,3,E (3.99 - 0.00),Never,3242,4062,Power,6 de mayo de 2021,D | 9.2-9.1,"9,1",イデア,Warrior,Nameless Town,BRAVELY DEFAULT Crossover Guidance,Available in GL,14 de mayo de 2026,,389,454,383,448,286,356,260,295,"Fire, Light, Sword"
Fiore EX,No,Character%20List/Fan%2010.png,Available in GL,14 de agosto de 2025,8 de agosto de 2023,,Unavailable,⭐️⭐️⭐️⭐️⭐️,Available in GL,14 de agosto de 2025,25 de julio de 2024,Orsterra,333,368,237,302,241,291,9 de agosto de 2023,"6,67",B (6.99 - 6.00),Never,3222,4042,Fame,8 de agosto de 2022,B | 9.6-9.5,"9,5",フィオルEx,Dancer,Rippletide,The Marine Travelers,Available in GL,23 de abril de 2026,14 de agosto de 2025,404,454,343,393,286,356,310,375,Fan
Zenia,Yes,"Character%20List/Axe%209.png, Character%20List/Dark%208.png",Available in GL,10 de julio de 2025,30 de mayo de 2024,,Unavailable,⭐️⭐️⭐️⭐️⭐️,Available in GL,10 de julio de 2025,30 de mayo de 2024,Orsterra,213,263,466,531,217,267,11 de octubre de 2023,"6,89",B (6.99 - 6.00),Never,3090,3910,Power,1 de junio de 2022,C | 9.4-9.3,"9,3",ゼニア,Apothecary,Grandport,Sacred Blaze Guidance,Unavailable,,,295,345,342,392,498,568,236,286,"Axe, Dark"
Rinyuu,No,"Character%20List/Staff_Staves%206.png, Character%20List/Bow%207.png, Character%20List/Lightning_Thunder%2014.png",Available in GL,27 de marzo de 2025,19 de octubre de 2023,,Unavailable,⭐️⭐️⭐️⭐️⭐️,Available in GL,27 de marzo de 2025,19 de octubre de 2023,Orsterra,253,288,370,435,424,489,18 de octubre de 2023,"7,83",A (8.49 - 7.00),Never,2702,3442,Fame,30 de junio de 2022,B | 9.6-9.5,"9,5",リンユウ,Cleric,Memoir,Traveler of Memories,Unavailable,,,241,291,322,372,485,565,286,336,"Bow, Lightning, Staff"
Agnès,No,"Character%20List/Staff_Staves%207.png, Character%20List/Wind%2012.png, Character%20List/Light%2014.png",Available in GL,10 de abril de 2025,29 de junio de 2023,,Unavailable,⭐️⭐️⭐️⭐️⭐️,Available in GL,10 de abril de 2025,30 de noviembre de 2023,Luxendarc (BRAVELY DEFAULT),258,293,390,455,394,459,19 de octubre de 2022,"5,29",C (5.99 - 5.00),Never,2777,3517,Fame,13 de mayo de 2021,C | 9.4-9.3,"9,3",アニエス,Cleric,Nameless Town,BRAVELY DEFAULT Crossover Guidance,Available in GL,14 de mayo de 2026,,256,306,287,337,395,475,331,381,"Light, Staff, Wind"
Yukes,No,"Character%20List/Staff_Staves%208.png, Character%20List/Fire%2017.png",Available in GL,20 de marzo de 2025,7 de diciembre de 2023,26 de febrero de 2026,Available in JP,⭐️⭐️⭐️⭐️⭐️,Available in GL,14 de agosto de 2025,6 de junio de 2024,Orsterra,238,273,385,450,399,464,15 de noviembre de 2023,"2,27",E (3.99 - 0.00),Yes,2772,3512,Wealth,12 de mayo de 2022,D | 9.2-9.1,"9,2",ユークス,Cleric,Sunshade,Chance Encounters,Available in GL,30 de octubre de 2025,21 de noviembre de 2024,241,291,273,323,415,495,371,421,"Fire, Staff"
Cardona,No,"Character%20List/Spear_Polearm%2010.png, Character%20List/Ice%209.png",Available in GL,20 de febrero de 2025,9 de noviembre de 2023,,Unavailable,⭐️⭐️⭐️⭐️⭐️,Available in GL,7 de agosto de 2025,18 de julio de 2024,Orsterra,246,281,305,355,280,330,26 de octubre de 2022,"4,15",D (4.99 - 4.00),Yes,3400,4300,Fame,5 de agosto de 2021,F | 8.0,8,カルドナ,Merchant,Atlasdam,Chance Encounters,Unavailable,,,374,439,343,393,357,437,225,260,"Ice, Polearm"
Molrusso,Yes,"Character%20List/Staff_Staves%209.png, Character%20List/Wind%2013.png",Available in GL,6 de febrero de 2025,20 de julio de 2023,8 de enero de 2026,Available in JP,⭐️⭐️⭐️⭐️⭐️,Available in GL,12 de junio de 2025,25 de abril de 2024,Orsterra,278,313,350,415,399,464,7 de diciembre de 2022,"3,17",E (3.99 - 0.00),Yes,2772,3512,Power,25 de diciembre de 2020,F+ | 8.5,"8,5",モルルッソ,Cleric,Cragspear,Chance Encounters,Available in JP,,7 de noviembre de 2024,261,311,282,332,425,505,326,376,"Staff, Wind"
Fiore,No,"Character%20List/Sword%2011.png, Character%20List/Dark%209.png",Available in GL,16 de enero de 2025,14 de septiembre de 2023,,Unavailable,⭐️⭐️⭐️⭐️⭐️,Available in GL,24 de julio de 2025,9 de mayo de 2024,Orsterra,333,383,237,287,241,291,27 de julio de 2022,"3,5",E (3.99 - 0.00),Yes,3222,4042,Fame,28 de octubre de 2020,F | 8.0,8,フィオル,Warrior,Rippletide,Chance Encounters,Available in GL,30 de octubre de 2025,6 de enero de 2025,404,469,343,408,286,356,310,345,"Dark, Sword"
Canary,Yes,"Character%20List/Dagger%2012.png, Character%20List/Fire%2018.png",Available in GL,13 de marzo de 2025,1 de agosto de 2024,,Unavailable,⭐️⭐️⭐️⭐️⭐️,Available in GL,2 de octubre de 2025,1 de agosto de 2024,Orsterra,338,388,276,326,248,298,27 de marzo de 2024,"9,13",S (9.49 - 8.50),Never,2872,3692,Wealth,1 de marzo de 2023,D | 9.2-9.1,"9,2",カナリィ,Thief,Grandport,Sacred Blaze Guidance,Unavailable,,,328,393,265,285,342,422,470,535,"Dagger, Fire"
Tikilen,No,"Character%20List/Sword%2012.png, Character%20List/Wind%2014.png",Available in GL,1 de mayo de 2025,11 de abril de 2024,,Unavailable,⭐️⭐️⭐️⭐️⭐️,Available in JP,,11 de abril de 2024,Orsterra,290,340,387,437,241,291,7 de septiembre de 2022,"4,29",D (4.99 - 4.00),Never,3062,3882,Wealth,10 de febrero de 2021,F | 8.0,8,ティキレン,Warrior,Victors Hollow,Tourney,Unavailable,,,324,389,323,388,301,371,290,325,"Sword, Wind"
Agnea,Yes (CN only),"Character%20List/Fan%2011.png, Character%20List/Wind%2015.png",Available in GL,23 de enero de 2025,28 de octubre de 2023,,Unavailable,⭐️⭐️⭐️⭐️⭐️,Available in GL,23 de enero de 2025,28 de octubre de 2023,Solistia,262,297,402,467,337,387,23 de enero de 2025,7,A (8.49 - 7.00),Never,2776,3596,Approval,28 de octubre de 2023,D | 9.2-9.1,"9,2",アグネア,Dancer,Memoir Logs,Memoirs of Solistia,Available in GL,9 de abril de 2026,20 de marzo de 2025,235,285,235,285,544,614,382,447,"Fan, Wind"
S. Odio,Yes,"Character%20List/Staff_Staves%2010.png, Character%20List/Fire%2019.png, Character%20List/Dark%2010.png",Available in GL,22 de enero de 2026,4 de julio de 2024,,Unavailable,⭐️⭐️⭐️⭐️⭐️,Available in GL,22 de enero de 2026,4 de julio de 2024,Dominion of Hate (Live A Live),218,253,460,525,339,404,10 de julio de 2024,5,C (5.99 - 5.00),Never,2722,3462,Power,30 de marzo de 2023,D | 9.2-9.1,"9,2",オディオ・S,Cleric,Memoir,Live A Live Crossover Guidance,Available in JP,,,226,276,282,332,525,605,341,391,"Dark, Fire, Staff"
Bargello,No,"Character%20List/Dagger%2013.png, Character%20List/Wind%2016.png",Available in GL,3 de julio de 2025,2 de mayo de 2024,22 de enero de 2026,Available in JP,⭐️⭐️⭐️⭐️⭐️,Available in GL,3 de julio de 2025,2 de mayo de 2024,Orsterra,368,418,241,291,258,308,24 de enero de 2024,"8,44",A (8.49 - 7.00),Never,2932,3752,Wealth,28 de octubre de 2022,B | 9.6-9.5,"9,5",バルジェロ,Thief,Memoir,Traveler of Memories,Available in JP,,,423,488,275,295,332,412,380,445,"Dagger, Wind"
Eliza,No,"Character%20List/Sword%2013.png, Character%20List/Light%2015.png",Available in GL,13 de febrero de 2025,14 de septiembre de 2023,,Unavailable,⭐️⭐️⭐️⭐️⭐️,Available in GL,,29 de agosto de 2024,Orsterra,278,328,337,387,251,301,14 de septiembre de 2022,"3,85",E (3.99 - 0.00),Yes,3092,3912,Power,25 de marzo de 2021,F+ | 8.5,"8,5",エリザ,Warrior,Cathedral of Thytos,Chance Encounters,Available in GL,30 de octubre de 2025,5 de diciembre de 2024,359,424,338,403,368,438,280,315,"Light, Sword"
Lionel,Yes,"Character%20List/Sword%2014.png, Character%20List/Ice%2010.png",Available in GL,6 de marzo de 2025,6 de julio de 2023,,Unavailable,⭐️⭐️⭐️⭐️⭐️,Available in GL,6 de marzo de 2025,28 de marzo de 2024,Orsterra,318,368,237,287,256,306,2 de noviembre de 2022,"3,31",E (3.99 - 0.00),Yes,3252,4072,Fame,14 de enero de 2021,F+ | 8.5,"8,5",ライオネル,Warrior,Flamesgrace,Chance Encounters,Available in GL,30 de octubre de 2025,19 de diciembre de 2024,404,469,358,423,286,356,275,310,"Ice, Sword"
Alaune EX,No,"Character%20List/Fan%2012.png, Character%20List/Ice%2011.png",Available in GL,27 de marzo de 2025,19 de octubre de 2023,26 de febrero de 2026,Available in JP,⭐️⭐️⭐️⭐️⭐️,Available in GL,27 de marzo de 2025,19 de octubre de 2023,Orsterra,226,261,404,469,360,410,24 de abril de 2024,"7,13",A (8.49 - 7.00),Never,2746,3566,Power,1 de enero de 2023,C | 9.4-9.3,"9,4",アラウネEx,Dancer,Memoir,Traveler of Memories,Unavailable,,,201,251,316,366,597,667,278,343,"Fan, Ice"
Sazantos EX,Yes,"Character%20List/Spear_Polearm%2011.png, Character%20List/Fire%2020.png, Character%20List/Wind%2017.png",Available in GL,17 de julio de 2025,20 de junio de 2024,,Unavailable,⭐️⭐️⭐️⭐️⭐️,Available in GL,17 de julio de 2025,20 de junio de 2024,Orsterra,346,381,225,275,245,295,17 de julio de 2025,"8,71",S (9.49 - 8.50),Never,3220,4120,Power,20 de junio de 2024,C | 9.4-9.3,"9,4",サザントスEx,Merchant,Memoir,Final Fantasy IV Crossover Guidance,Available in JP,,19 de diciembre de 2024,479,544,288,338,342,422,300,335,"Fire, Polearm, Wind"
Ochette,Yes,"Character%20List/Bow%208.png, Character%20List/Sword%2015.png, Character%20List/Spear_Polearm%2012.png, Character%20List/Axe%2010.png, Character%20List/Lightning_Thunder%2015.png, Character%20List/Wind%2018.png, Character%20List/Light%2016.png",Available in GL,30 de enero de 2025,20 de julio de 2023,,Unavailable,⭐️⭐️⭐️⭐️⭐️,Available in GL,30 de enero de 2025,9 de noviembre de 2023,Solistia,395,460,220,270,238,258,30 de enero de 2025,"8,14",A (8.49 - 7.00),Never,2862,3682,Opulence,20 de julio de 2023,E | 9.0,9,オーシュット,Hunter,Memoir Logs,Memoirs of Solistia,Available in GL,,,457,522,213,263,376,456,410,460,"Axe, Bow, Light, Lightning, Polearm, Sword, Wind"
Sazantos,Yes,"Character%20List/Sword%2016.png, Character%20List/Fire%2021.png, Character%20List/Light%2017.png",Available in GL,30 de enero de 2025,28 de septiembre de 2023,23 de octubre de 2025,Available in JP,⭐️⭐️⭐️⭐️⭐️,Available in GL,,17 de octubre de 2024,Orsterra,268,318,287,337,216,266,24 de julio de 2024,"8,58",S (9.49 - 8.50),Never,3112,3932,Power,28 de abril de 2023,C | 9.4-9.3,"9,4",サザントス,Warrior,Memoir,Traveler of Memories,Available in GL,30 de octubre de 2025,24 de octubre de 2024,424,489,328,393,471,541,290,325,"Fire, Light, Sword"
Osvald,Yes,"Character%20List/Tome%2015.png, Character%20List/Fire%2022.png, Character%20List/Ice%2012.png, Character%20List/Lightning_Thunder%2016.png",Available in GL,24 de abril de 2025,18 de enero de 2024,23 de octubre de 2025,Available in JP,⭐️⭐️⭐️⭐️⭐️,Available in GL,24 de abril de 2025,18 de enero de 2024,Solistia,291,341,489,554,315,365,24 de abril de 2025,"8,5",S (9.49 - 8.50),Never,2736,3396,Domination,18 de enero de 2024,B | 9.6-9.5,"9,6",オズバルド,Scholar,Memoir Logs,Memoirs of Solistia,Available in GL,22 de enero de 2026,31 de octubre de 2024,211,261,266,316,592,682,238,288,"Fire, Ice, Lightning, Tome"
Signa,No,"Character%20List/Fan%2013.png, Character%20List/Fire%2023.png, Character%20List/Light%2018.png",Available in GL,30 de enero de 2025,28 de septiembre de 2023,5 de febrero de 2026,Available in JP,⭐️⭐️⭐️⭐️⭐️,Available in GL,24 de julio de 2025,3 de octubre de 2024,Orsterra,262,297,402,467,342,392,24 de julio de 2024,"9,75",S+ (10.00 - 9.50),Never,2676,3496,Fame,28 de abril de 2023,B | 9.6-9.5,"9,6",シグナ,Dancer,Memoir,Traveler of Memories,Available in GL,30 de octubre de 2025,24 de octubre de 2024,245,295,255,305,504,574,397,462,"Fan, Fire, Light"
Lynette EX,No,"Character%20List/Dagger%2014.png, Character%20List/Fire%2024.png, Character%20List/Ice%2013.png, Character%20List/Lightning.png, Character%20List/Wind%2019.png, Character%20List/Light%2019.png, Character%20List/Dark%2011.png",Available in GL,25 de diciembre de 2025,,,Available in JP,⭐️⭐️⭐️⭐️⭐️,Available in GL,25 de diciembre de 2025,,Orsterra,330,380,435,485,258,308,25 de diciembre de 2025,"8,56",S (9.49 - 8.50),Never,2901,3721,Fame,,,,リネットEx,Thief,Memoir,Seaside Traveler,Available in GL,25 de diciembre de 2025,,231,296,278,298,466,546,430,495,"Dagger, Dark, Fire, Ice, Light, Lightning, Wind"
Tiziano,No,"Character%20List/Dagger%2015.png, Character%20List/Wind%2020.png",Available in GL,18 de septiembre de 2025,28 de abril de 2024,8 de enero de 2026,Available in JP,⭐️⭐️⭐️⭐️⭐️,Available in GL,18 de septiembre de 2025,28 de abril de 2024,Orsterra,308,358,241,291,243,293,18 de septiembre de 2025,"9,49",S (9.49 - 8.50),Never,2912,3732,Wealth,28 de abril de 2024,B | 9.6-9.5,"9,6",ティツィアーノ,Thief,Memoir,Traveler of Memories,Available in GL,9 de abril de 2026,5 de diciembre de 2024,398,463,270,290,372,452,460,525,"Dagger, Wind"
Millard,No,"Character%20List/Staff_Staves%2011.png, Character%20List/Light%2020.png",Available in GL,16 de enero de 2025,21 de diciembre de 2023,,Unavailable,⭐️⭐️⭐️⭐️⭐️,Available in GL,16 de enero de 2025,21 de diciembre de 2023,Orsterra,278,313,365,430,419,484,27 de julio de 2022,"2,46",E (3.99 - 0.00),Yes,2772,3512,Fame,28 de octubre de 2020,F | 8.0,8,ミロード,Cleric,Valore,Chance Encounters,Available in GL,23 de abril de 2026,19 de junio de 2025,251,301,292,342,420,500,296,346,"Light, Staff"
Mirgardi,No,"Character%20List/Fan%2014.png, Character%20List/Axe%2011.png, Character%20List/Fire%2025.png, Character%20List/Wind%2021.png",Available in GL,1 de mayo de 2025,21 de diciembre de 2023,,Unavailable,⭐️⭐️⭐️⭐️⭐️,Available in GL,1 de mayo de 2025,21 de diciembre de 2023,Solistia,240,275,292,357,277,327,1 de mayo de 2025,"4,86",D (4.99 - 4.00),Never,2886,3706,Opulence,30 de enero de 2024,E | 9.0,9,ミルガルディ,Dancer,Memoir Logs,Tourney,Unavailable,,,415,465,267,317,434,504,342,407,"Axe, Fan, Fire, Wind"
Neha,No,"Character%20List/Fan%2015.png, Character%20List/Ice%2014.png, Character%20List/Dark%2012.png",Available in GL,6 de febrero de 2025,14 de septiembre de 2023,,Unavailable,⭐️⭐️⭐️⭐️⭐️,Available in JP,,18 de enero de 2024,Solistia,262,297,417,482,337,387,6 de febrero de 2025,"6,75",B (6.99 - 6.00),Yes,2776,3596,Domination,14 de septiembre de 2023,B | 9.6-9.5,"9,6",ネーハ,Dancer,Memoir Logs,Chance Encounters,Available in JP,,30 de enero de 2025,230,280,225,275,569,639,357,422,"Dark, Fan, Ice"
Ogen,No,"Character%20List/Axe%2012.png, Character%20List/Ice%2015.png",Available in GL,20 de marzo de 2025,22 de junio de 2023,,Unavailable,⭐️⭐️⭐️⭐️⭐️,Available in JP,,26 de septiembre de 2024,Orsterra,203,253,451,516,238,288,9 de mayo de 2024,"6,4",B (6.99 - 6.00),Yes,3210,4030,Fame,11 de mayo de 2023,C | 9.4-9.3,"9,3",オーゲン,Apothecary,Atlasdam,Chance Encounters,Available in JP,,8 de mayo de 2025,345,395,332,382,398,468,241,291,"Axe, Ice"
Agnea EX,Yes,"Character%20List/Bow%209.png, Character%20List/Light%2021.png, Character%20List/Dark%2013.png",Available in GL,17 de julio de 2025,20 de junio de 2024,,Unavailable,⭐️⭐️⭐️⭐️⭐️,Available in GL,17 de julio de 2025,20 de junio de 2024,Solistia,305,370,400,450,233,253,17 de julio de 2025,"7,86",A (8.49 - 7.00),Never,2872,3692,Fame,20 de junio de 2024,C | 9.4-9.3,"9,4",アグネアEx,Hunter,Memoir,Final Fantasy IV Crossover Guidance,Available in JP,,19 de diciembre de 2024,432,497,213,263,386,466,340,390,"Bow, Dark, Light"
Olberic,No,"Character%20List/Sword%2017.png, Character%20List/Spear_Polearm%2013.png, Character%20List/Lightning_Thunder%2017.png",Available in GL,23 de enero de 2025,13 de julio de 2024,,Unavailable,⭐️⭐️⭐️⭐️⭐️,Available in GL,20 de febrero de 2025,14 de febrero de 2024,Orsterra,258,308,237,287,271,321,25 de enero de 2023,"4,92",D (4.99 - 4.00),Yes,3452,4272,Power,28 de octubre de 2021,D | 9.2-9.1,"9,1",オルベリク,Warrior,Sheperd's Rock,Chance Encounters,Available in GL,30 de octubre de 2025,29 de mayo de 2025,434,499,378,443,291,361,235,270,"Lightning, Polearm, Sword"
Yan Long,No,"Character%20List/Staff_Staves%2012.png, Character%20List/Ice%2016.png",Available in GL,12 de junio de 2025,12 de septiembre de 2024,,Unavailable,⭐️⭐️⭐️⭐️⭐️,Available in GL,12 de junio de 2025,12 de septiembre de 2024,Orsterra,277,312,265,330,324,389,15 de marzo de 2023,"5,92",C (5.99 - 5.00),Never,3032,3772,Wealth,27 de octubre de 2021,E | 9.0,9,イェンロン,Cleric,I'cirlo,Tourney,Unavailable,,,381,431,267,317,348,428,326,376,"Ice, Staff"
Rinyuu EX,Yes,"Character%20List/Axe%2013.png, Character%20List/Light%2022.png, Character%20List/Fire%2026.png, Character%20List/Ice%2017.png",Available in GL,31 de julio de 2025,29 de agosto de 2024,12 de febrero de 2026,Available in JP,⭐️⭐️⭐️⭐️⭐️,Available in GL,31 de julio de 2025,29 de agosto de 2024,Orsterra,238,288,370,435,439,489,31 de julio de 2025,"9,73",S+ (10.00 - 9.50),Never,2622,3442,Fame,29 de agosto de 2024,A | 9.7,"9,7",リンユウEx,Apothecary,Memoir,Traveler of Memories,Available in GL,5 de febrero de 2026,7 de noviembre de 2024,241,291,322,372,495,565,286,336,"Axe, Fire, Ice, Light"
Ditraina,No,"Character%20List/Tome%2016.png, Character%20List/Light%2023.png, Character%20List/Dark%2014.png",Available in GL,20 de marzo de 2025,22 de junio de 2023,,Unavailable,⭐️⭐️⭐️⭐️⭐️,Available in GL,2 de octubre de 2025,1 de agosto de 2024,Orsterra,341,391,474,539,305,355,5 de junio de 2024,"6,63",B (6.99 - 6.00),Never,2726,3386,Power,1 de junio de 2023,C | 9.4-9.3,"9,3",ディトレイナ,Scholar,Valore,Sacred Blaze Guidance,Unavailable,,,221,271,246,296,550,640,273,323,"Dark, Light, Tome"
Mydia,No,"Character%20List/Staff_Staves%2013.png, Character%20List/Fire%2027.png, Character%20List/Light%2024.png",Available in GL,1 de enero de 2026,7 de noviembre de 2024,23 de octubre de 2025,Available in JP,⭐️⭐️⭐️⭐️⭐️,Available in GL,1 de enero de 2026,7 de noviembre de 2024,Solistia,273,308,260,325,369,434,1 de enero de 2026,"9,4",S (9.49 - 8.50),Never,2862,3602,Approval,7 de noviembre de 2024,S | 9.8,"9,8",ミディヤ,Cleric,Memoir Logs,Memoirs of Solistia,Available in GL,1 de enero de 2026,7 de noviembre de 2024,421,471,292,342,420,500,296,346,"Fire, Light, Staff"
Nivelle,Yes,"Character%20List/Tome%2017.png, Character%20List/Lightning_Thunder%2018.png, Character%20List/Fire%2028.png",Available in GL,13 de marzo de 2025,31 de agosto de 2023,,Unavailable,⭐️⭐️⭐️⭐️⭐️,Available in GL,13 de marzo de 2025,31 de enero de 2024,Orsterra,281,331,484,549,293,343,7 de agosto de 2024,"7,67",A (8.49 - 7.00),Never,2761,3421,Power,31 de agosto de 2023,C | 9.4-9.3,"9,3",ニヴェル,Scholar,Sheperd's Rock,Sacred Blaze Guidance,Available in JP,,27 de febrero de 2025,201,251,236,286,577,667,348,398,"Fire, Lightning, Tome"
Isla,Yes,"Character%20List/Tome%2018.png, Character%20List/Fire%2029.png, Character%20List/Lightning_Thunder%2019.png",Available in GL,16 de enero de 2025,12 de octubre de 2023,,Unavailable,⭐️⭐️⭐️⭐️⭐️,Available in GL,16 de enero de 2025,12 de octubre de 2023,Orsterra,226,276,414,479,325,375,28 de agosto de 2024,"8,38",A (8.49 - 7.00),Never,2746,3406,Approval,12 de octubre de 2023,C | 9.4-9.3,"9,4",アイラ,Scholar,Memoir,Traveler of Memories,Available in GL,19 de marzo de 2026,6 de marzo de 2025,211,261,281,331,582,672,363,413,"Fire, Lightning, Tome"
Jane,No,Character%20List/Axe%2014.png,Available in GL,1 de mayo de 2025,28 de marzo de 2024,,Unavailable,⭐️⭐️⭐️⭐️⭐️,Available in GL,1 de mayo de 2025,28 de marzo de 2024,Solistia,278,328,271,336,258,308,1 de mayo de 2025,"7,14",A (8.49 - 7.00),Yes,3075,3895,Opulence,28 de marzo de 2024,D | 9.2-9.1,"9,2",ジェイン,Apothecary,Memoir,Chance Encounters,Available in GL,,30 de enero de 2025,420,470,352,402,408,478,271,321,Axe
Sowan,Yes,"Character%20List/Axe%2015.png, Character%20List/Light%2025.png, Character%20List/Dark%2015.png",Available in GL,2 de octubre de 2025,1 de agosto de 2024,,Unavailable,⭐️⭐️⭐️⭐️⭐️,Available in GL,2 de octubre de 2025,1 de agosto de 2024,Solistia,249,299,406,471,238,288,2 de octubre de 2025,"8,67",S (9.49 - 8.50),Never,3200,4020,Domination,1 de agosto de 2024,D | 9.2-9.1,"9,2",ソワン,Apothecary,Memoir Logs,Sacred Blaze Guidance,Available in JP,,27 de febrero de 2025,420,470,272,322,393,463,250,300,"Axe, Dark, Light"
Shana,No,"Character%20List/Axe%2016.png, Character%20List/Lightning_Thunder%2020.png, Character%20List/Wind%2022.png",Available in GL,8 de mayo de 2025,11 de abril de 2024,26 de febrero de 2026,Available in JP,⭐️⭐️⭐️⭐️⭐️,Available in GL,8 de mayo de 2025,11 de abril de 2024,Orsterra,198,248,291,356,268,318,8 de mayo de 2025,"9,82",S+ (10.00 - 9.50),Never,2930,3750,Fame,11 de abril de 2024,S+ | 9.9,"9,9",シャナ,Apothecary,Memoir,Traveler of Memories,Available in JP,,20 de febrero de 2025,335,385,372,422,580,650,311,361,"Axe, Lightning, Wind"
Sigrid EX,Yes,"Character%20List/Spear_Polearm%2014.png, Character%20List/Sword%2018.png, Character%20List/Fire%2030.png",Available in GL,1 de enero de 2026,1 de enero de 2025,,Unavailable,⭐️⭐️⭐️⭐️⭐️,Available in GL,1 de enero de 2026,1 de enero de 2025,Orsterra,328,363,237,287,230,280,1 de enero de 2026,"5,37",C (5.99 - 5.00),Never,3130,4030,Power,31 de diciembre de 2024,F+ | 8.5,"8,5",ジークリットEx,Merchant,Sheperd's Rock,Free (New Year Distribution),Available in GL,1 de enero de 2026,1 de enero de 2025,384,449,335,385,286,366,286,321,"Fire, Polearm, Sword"
Sertet,No,"Character%20List/Bow%2010.png, Character%20List/Wind%2023.png",Available in GL,20 de febrero de 2025,22 de junio de 2023,,Unavailable,⭐️⭐️⭐️⭐️⭐️,Available in GL,7 de agosto de 2025,9 de mayo de 2024,Orsterra,355,420,202,252,243,263,19 de junio de 2024,"4,33",D (4.99 - 4.00),Yes,3082,3902,Power,8 de junio de 2023,F+ | 8.5,"8,5",セルテト,Hunter,Sufrataljah,Chance Encounters,Unavailable,,,422,487,213,263,456,536,345,395,"Bow, Wind"
Bargello EX,No,Character%20List/Fan%2016.png,Available in GL,7 de agosto de 2025,18 de julio de 2024,,Unavailable,⭐️⭐️⭐️⭐️⭐️,Available in GL,7 de agosto de 2025,18 de julio de 2024,Orsterra,282,317,237,302,332,382,7 de agosto de 2025,"7,75",A (8.49 - 7.00),Never,2896,3716,Wealth,18 de julio de 2024,C | 9.4-9.3,"9,4",バルジェロEx,Dancer,Memoir,Nautical Travelers,Available in GL,23 de abril de 2026,7 de agosto de 2025,435,485,245,295,494,564,322,387,Fan
Throné,No,"Character%20List/Dagger%2016.png, Character%20List/Dark%2016.png",Available in GL,27 de febrero de 2025,22 de junio de 2023,,Unavailable,⭐️⭐️⭐️⭐️⭐️,Available in GL,27 de febrero de 2025,22 de noviembre de 2023,Solistia,318,368,281,331,233,283,27 de febrero de 2025,"6,4",B (6.99 - 6.00),Never,2792,3612,Approval,22 de junio de 2023,D | 9.2-9.1,"9,1",ソローネ,Thief,Memoir Logs,Memoirs of Solistia,Unavailable,,,388,453,260,280,327,407,500,565,"Dagger, Dark"
Tatloch EX,No,"Character%20List/Dagger%2017.png, Character%20List/Dark%2017.png",Available in GL,7 de agosto de 2025,18 de julio de 2024,,Unavailable,⭐️⭐️⭐️⭐️⭐️,Available in GL,7 de agosto de 2025,18 de julio de 2024,G'roha,318,368,436,486,272,322,7 de agosto de 2025,"7,5",A (8.49 - 7.00),Never,2892,3712,Power,18 de julio de 2024,C | 9.4-9.3,"9,4",タトゥロックEx,Thief,Memoir,Nautical Travelers,Available in GL,23 de abril de 2026,7 de agosto de 2025,253,318,283,303,422,502,368,433,"Dagger, Dark"
Pirro,No,"Character%20List/Dagger%2018.png, Character%20List/Dark%2018.png",Available in GL,6 de marzo de 2025,6 de julio de 2023,,Unavailable,⭐️⭐️⭐️⭐️⭐️,Available in GL,6 de marzo de 2025,7 de diciembre de 2023,Solistia,333,383,226,276,235,285,6 de marzo de 2025,"6,33",B (6.99 - 6.00),Never,2932,3752,Opulence,6 de julio de 2023,D | 9.2-9.1,"9,2",ピルロ,Thief,Memoir Logs,Memoirs of Solistia,Unavailable,,,444,509,270,290,362,442,405,470,"Dagger, Dark"
Ophilia,No,"Character%20List/Staff_Staves%2014.png, Character%20List/Light%2026.png",Available in GL,23 de enero de 2025,13 de julio de 2023,20 de noviembre de 2025,Available in JP,⭐️⭐️⭐️⭐️⭐️,Available in GL,10 de julio de 2025,8 de agosto de 2024,Orsterra,258,293,380,445,399,464,25 de enero de 2023,"6,23",B (6.99 - 6.00),Yes,2757,3497,Fame,28 de octubre de 2021,C | 9.4-9.3,"9,3",オフィーリア,Cleric,Emberglow,Chance Encounters,Available in GL,30 de octubre de 2025,24 de octubre de 2024,251,301,292,342,470,550,291,341,"Light, Staff"
Hujheb,Yes (CN only),Character%20List/Bow%2011.png,Available in GL,22 de mayo de 2025,1 de febrero de 2024,,Unavailable,⭐️⭐️⭐️⭐️⭐️,Available in GL,22 de mayo de 2025,1 de febrero de 2024,Solistia,385,450,200,250,248,268,22 de mayo de 2025,"8,88",S (9.49 - 8.50),Never,3232,4052,Domination,1 de febrero de 2024,B | 9.6-9.5,"9,5",ヒュージブ,Hunter,Memoir Logs,Sacred Blaze Guidance,Unavailable,,,472,537,223,273,416,496,290,340,Bow
Rique,Yes,"Character%20List/Spear_Polearm%2015.png, Character%20List/Wind%2024.png",Available in GL,15 de mayo de 2025,15 de febrero de 2024,,Unavailable,⭐️⭐️⭐️⭐️⭐️,Available in GL,15 de mayo de 2025,15 de febrero de 2024,Orsterra,241,276,350,400,305,355,11 de septiembre de 2024,"7,33",A (8.49 - 7.00),Never,3090,3990,Wealth,15 de febrero de 2024,D | 9.2-9.1,"9,2",リーク,Merchant,Memoir,Traveler of Memories,Available in GL,20 de noviembre de 2025,6 de febrero de 2025,389,454,338,388,352,432,265,300,"Polearm, Wind"
Kilns,Yes,"Character%20List/Bow%2012.png, Character%20List/Lightning_Thunder%2021.png",Available in GL,20 de marzo de 2025,9 de noviembre de 2023,,Unavailable,⭐️⭐️⭐️⭐️⭐️,Available in GL,20 de marzo de 2025,9 de noviembre de 2023,Orsterra,395,460,210,260,293,313,3 de octubre de 2024,"9,57",S+ (10.00 - 9.50),Never,3372,4192,Power,9 de noviembre de 2023,B | 9.6-9.5,"9,5",キルン,Hunter,Memoir,Traveler of Memories,Available in GL,6 de noviembre de 2025,23 de enero de 2025,372,437,268,318,371,451,365,415,Bow
Oskha,Yes,"Character%20List/Spear_Polearm%2016.png, Character%20List/Fire%2031.png",Available in GL,12 de junio de 2025,23 de mayo de 2024,,Unavailable,⭐️⭐️⭐️⭐️⭐️,Available in GL,12 de junio de 2025,23 de mayo de 2024,Orsterra,281,316,245,295,285,335,12 de junio de 2025,"8,5",S (9.49 - 8.50),Never,3490,4390,Wealth,23 de mayo de 2024,B | 9.6-9.5,"9,5",オスカ,Merchant,Memoir,Champion of Memories,Available in JP,,24 de octubre de 2024,394,459,353,403,412,492,225,260,"Fire, Polearm"
Ori,Yes,"Character%20List/Spear_Polearm%2017.png, Character%20List/Wind%2025.png",Available in GL,16 de octubre de 2025,26 de septiembre de 2024,,Unavailable,⭐️⭐️⭐️⭐️⭐️,Available in GL,16 de octubre de 2025,26 de septiembre de 2024,Solistia,251,286,360,410,250,300,16 de octubre de 2025,"6,67",B (6.99 - 6.00),Never,3070,3970,Approval,26 de septiembre de 2024,D | 9.2-9.1,"9,2",オリ,Merchant,Memoir Logs,Memoirs of Solistia,Available in JP,,7 de noviembre de 2024,394,459,313,363,332,412,340,375,"Polearm, Wind"
Alrond,Yes,"Character%20List/Spear_Polearm%2018.png, Character%20List/Sword%2019.png, Character%20List/Dagger%2019.png, Character%20List/Axe%2017.png, Character%20List/Bow%2013.png, Character%20List/Staff_Staves%2015.png, Character%20List/Tome%2019.png, Character%20List/Fan%2017.png, Character%20List/Light%2027.png",Available in GL,21 de agosto de 2025,12 de septiembre de 2024,,Unavailable,⭐️⭐️⭐️⭐️⭐️,Available in GL,21 de agosto de 2025,12 de septiembre de 2024,Solistia,246,281,225,275,285,335,21 de agosto de 2025,9,S (9.49 - 8.50),Never,3200,4100,Opulence,12 de septiembre de 2024,B | 9.6-9.5,"9,6",アルロンド,Merchant,Memoir Logs,Memoirs of Solistia,Available in GL,30 de octubre de 2025,7 de noviembre de 2024,344,409,348,398,462,542,325,360,"Axe, Bow, Dagger, Fan, Light, Polearm, Staff, Sword, Tome"
Relisha,No,"Character%20List/Staff_Staves%2016.png, Character%20List/Lightning_Thunder%2022.png",Available in GL,8 de enero de 2026,15 de agosto de 2024,,Unavailable,⭐️⭐️⭐️⭐️⭐️,Available in GL,8 de enero de 2026,15 de agosto de 2024,Solistia,313,348,330,395,322,387,8 de enero de 2026,"5,9",C (5.99 - 5.00),Not yet,2782,3522,Domination,15 de agosto de 2024,D | 9.2-9.1,"9,2",レリーシャ,Cleric,Memoir Logs,Chance Encounters,Available in GL,8 de enero de 2026,7 de noviembre de 2024,386,436,284,334,400,480,296,346,"Lightning, Staff"
Emil,No,"Character%20List/Staff_Staves%2017.png, Character%20List/Tome%2020.png, Character%20List/Dark%2019.png",Available in GL,4 de septiembre de 2025,29 de febrero de 2024,,Unavailable,⭐️⭐️⭐️⭐️⭐️,Available in GL,4 de septiembre de 2025,29 de febrero de 2024,NieR Universe (NieR series),253,288,465,530,334,399,4 de septiembre de 2025,"7,57",A (8.49 - 7.00),Never,2762,3502,Wealth,29 de febrero de 2024,B | 9.6-9.5,"9,5",エミール,Cleric,Memoir,NieR Replicant Crossover Guidance,Available in JP,,28 de noviembre de 2024,226,276,257,307,590,670,286,336,"Dark, Staff, Tome"
Pardis III,No,"Character%20List/Sword%2020.png, Character%20List/Dagger%2020.png, Character%20List/Bow%2014.png, Character%20List/Fire%2032.png, Character%20List/Lightning_Thunder%2023.png, Character%20List/Dark%2020.png",Available in GL,30 de octubre de 2025,10 de octubre de 2024,19 de marzo de 2026,Available in JP,⭐️⭐️⭐️⭐️⭐️,Available in GL,30 de octubre de 2025,10 de octubre de 2024,Orsterra,326,376,65,130,305,355,30 de octubre de 2025,"9,83",S+ (10.00 - 9.50),Never,3206,3866,Power,10 de octubre de 2024,A | 9.7,"9,7",パーディス三世,Scholar,Memoir,Champion of Memories,Available in GL,30 de octubre de 2025,24 de octubre de 2024,580,630,351,401,490,580,238,288,"Bow, Dagger, Dark, Fire, Lightning, Sword"
Ochette EX,No,"Character%20List/Sword%2021.png, Character%20List/Polearm.png, Character%20List/Dagger%2021.png, Character%20List/Axe%2018.png, Character%20List/Bow%2015.png, Character%20List/Staff.png, Character%20List/Tome%2021.png, Character%20List/Fan%2018.png, Character%20List/Fire%2033.png, Character%20List/Ice%2018.png, Character%20List/Lightning%201.png",Available in GL,15 de enero de 2026,24 de abril de 2025,5 de febrero de 2026,Available in JP,⭐️⭐️⭐️⭐️⭐️,Available in GL,15 de enero de 2026,24 de abril de 2025,Solistia,253,303,247,297,241,291,15 de enero de 2026,"8,44",A (8.49 - 7.00),Never,3082,3902,Opulence,24 de abril de 2025,S | 9.8,"9,8",オーシュットEx,Warrior,Memoir Logs,Memoirs of Solistia,Available in GL,15 de enero de 2026,24 de abril de 2025,429,494,348,413,396,466,335,370,"Axe, Bow, Dagger, Fan, Fire, Ice, Lightning, Polearm, Staff, Sword, Tome"
W’ludai,Yes,"Character%20List/Spear_Polearm%2019.png, Character%20List/Dark%2021.png",Available in GL,13 de febrero de 2025,4 de enero de 2024,,Unavailable,⭐️⭐️⭐️⭐️⭐️,Available in GL,13 de febrero de 2025,4 de enero de 2024,Orsterra,226,261,280,330,260,310,15 de marzo de 2023,"4,8",D (4.99 - 4.00),Yes,3440,4340,Power,11 de noviembre de 2021,F | 8.0,8,ウルダイ,Merchant,I'cirlo,Chance Encounters,Available in GL,30 de abril de 2026,,414,479,318,368,292,372,303,338,"Dark, Polearm"
Sofia,No,"Character%20List/Tome%2022.png, Character%20List/Ice%2019.png",Available in GL,16 de enero de 2025,31 de agosto de 2023,,Unavailable,⭐️⭐️⭐️⭐️⭐️,Available in JP,,18 de julio de 2024,Orsterra,246,296,389,454,335,385,27 de julio de 2022,"4,33",D (4.99 - 4.00),Yes,2896,3556,Wealth,28 de octubre de 2020,F+ | 8.5,"8,5",ソフィア,Scholar,Emberglow,Chance Encounters,Available in JP,,8 de mayo de 2025,231,281,291,341,562,652,283,333,"Ice, Tome"
Oersted,No,"Character%20List/Sword%2022.png, Character%20List/Spear_Polearm%2020.png, Character%20List/Staff_Staves%2018.png, Character%20List/Fire%2034.png, Character%20List/Wind%2026.png, Character%20List/Dark%2022.png",Available in JP,,27 de junio de 2024,,Unavailable,⭐️⭐️⭐️⭐️⭐️,Available in JP,,27 de junio de 2024,Kingdom of Lucrece (Live A Live),333,383,247,297,251,301,26 de junio de 2024,5,C (5.99 - 5.00),Never,3232,4052,Fame,16 de marzo de 2023,E | 9.0,9,オルステッド,Warrior,Memoir,Live A Live Crossover Guidance,Unavailable,,,409,474,338,403,316,386,285,320,"Dark, Fire, Polearm, Staff, Sword, Wind"
Morffins,No,"Character%20List/Axe%2019.png, Character%20List/Ice%2020.png",Available in GL,13 de marzo de 2025,17 de agosto de 2023,,Unavailable,⭐️⭐️⭐️⭐️⭐️,Available in GL,13 de marzo de 2025,18 de enero de 2024,Solistia,238,288,441,506,238,288,13 de marzo de 2025,"4,86",D (4.99 - 4.00),Yes,3220,4040,Approval,17 de agosto de 2023,F+ | 8.5,"8,5",モーフィンス,Apothecary,Memoir Logs,Chance Encounters,Available in JP,,8 de mayo de 2025,295,345,352,402,458,528,231,281,"Axe, Ice"
NieR,No,"Character%20List/Spear_Polearm%2021.png, Character%20List/Sword%2023.png, Character%20List/Dark%2023.png",Available in GL,4 de septiembre de 2025,29 de febrero de 2024,,Unavailable,⭐️⭐️⭐️⭐️⭐️,Available in GL,4 de septiembre de 2025,29 de febrero de 2024,NieR Universe (NieR series),276,311,225,275,295,345,4 de septiembre de 2025,"8,14",A (8.49 - 7.00),Never,3270,4170,Fame,29 de febrero de 2024,A | 9.7,"9,7",ニーア,Merchant,Memoir,NieR Replicant Crossover Guidance,Available in JP,,28 de noviembre de 2024,444,509,293,343,362,442,300,335,"Dark, Polearm, Sword"
Sail,No,"Character%20List/Sword%2024.png, Character%20List/Staff%201.png, Character%20List/Tome%2023.png, Character%20List/Fire%2035.png, Character%20List/Ice%2021.png, Character%20List/Lightning_Thunder%2024.png, Character%20List/Wind%2027.png, Character%20List/Light%2028.png, Character%20List/Dark%2024.png",Available in GL,16 de enero de 2025,22 de junio de 2023,,Available in JP,⭐️⭐️⭐️⭐️⭐️,Available in GL,,,Solistia,323,373,269,319,267,317,16 de enero de 2025,"5,3",C (5.99 - 5.00),Never,3232,4052,Domination,22 de junio de 2023,E | 9.0,9,セイル,Warrior,Memoir Logs,Free (Solistia),Available in GL,,,421,486,360,425,306,376,275,310,"Dark, Fire, Ice, Light, Lightning, Staff, Sword, Tome, Wind"
Grieg,No,"Character%20List/Sword%2025.png, Character%20List/Fire%2036.png",Available in GL,20 de marzo de 2025,3 de agosto de 2023,,Unavailable,⭐️⭐️⭐️⭐️⭐️,Available in GL,20 de marzo de 2025,4 de enero de 2024,Solistia,283,333,227,277,301,351,20 de marzo de 2025,"4,6",D (4.99 - 4.00),Yes,3402,4222,Domination,3 de agosto de 2023,D | 9.2-9.1,"9,1",グリーグ,Warrior,Memoir Logs,Chance Encounters,Available in JP,,30 de enero de 2025,424,489,383,448,296,366,225,260,"Fire, Sword"
Kainé,No,"Character%20List/Dagger%2022.png, Character%20List/Light%2029.png",Available in GL,4 de septiembre de 2025,29 de febrero de 2024,,Unavailable,⭐️⭐️⭐️⭐️⭐️,Available in GL,4 de septiembre de 2025,29 de febrero de 2024,NieR Universe (NieR series),368,418,241,291,198,248,4 de septiembre de 2025,"9,25",S (9.49 - 8.50),Never,3252,4072,Power,29 de febrero de 2024,B | 9.6-9.5,"9,6",カイネ,Thief,Memoir,NieR Replicant Crossover Guidance,Available in JP,,28 de noviembre de 2024,508,573,225,245,322,402,330,395,"Dagger, Light"
Hikari,Yes (CN only),"Character%20List/Sword%2026.png, Character%20List/Spear_Polearm%2022.png, Character%20List/Dagger%2023.png, Character%20List/Axe%2020.png, Character%20List/Bow%2016.png, Character%20List/Staff_Staves%2019.png, Character%20List/Tome%2024.png, Character%20List/Fan%2019.png",Available in GL,26 de junio de 2025,1 de enero de 2024,23 de octubre de 2025,Available in JP,⭐️⭐️⭐️⭐️⭐️,Available in GL,26 de junio de 2025,1 de enero de 2024,Solistia,303,353,217,267,271,321,26 de junio de 2025,"7,33",A (8.49 - 7.00),Never,3242,4062,Domination,1 de enero de 2024,C | 9.4-9.3,"9,3",ヒカリ,Warrior,Memoir Logs,Memoirs of Solistia,Available in GL,11 de diciembre de 2025,9 de enero de 2025,429,494,358,423,306,376,295,330,"Axe, Bow, Dagger, Fan, Polearm, Staff, Sword, Tome"
Partitio,Yes,"Character%20List/Spear_Polearm%2023.png, Character%20List/Bow%2017.png",Available in GL,16 de enero de 2025,12 de octubre de 2023,,Unavailable,⭐️⭐️⭐️⭐️⭐️,Available in GL,16 de enero de 2025,12 de octubre de 2023,Solistia,246,281,235,285,290,340,16 de enero de 2025,"7,29",A (8.49 - 7.00),Never,3400,4300,Opulence,12 de octubre de 2023,D | 9.2-9.1,"9,2",パルテティオ,Merchant,Memoir Logs,Memoirs of Solistia,Unavailable,,,384,449,358,408,402,482,255,290,"Bow, Polearm"
Castti,Yes,Character%20List/Axe%2021.png,Available in GL,26 de junio de 2025,1 de enero de 2024,,Unavailable,⭐️⭐️⭐️⭐️⭐️,Available in GL,26 de junio de 2025,1 de enero de 2024,Solistia,238,288,271,336,303,353,26 de junio de 2025,"7,78",A (8.49 - 7.00),Never,3080,3900,Approval,1 de enero de 2024,B | 9.6-9.5,"9,5",キャスティ,Apothecary,Memoir Logs,Memoirs of Solistia,Available in GL,5 de marzo de 2026,14 de noviembre de 2024,435,485,377,427,388,458,246,296,Axe
Streibough,No,"Character%20List/Tome%2025.png, Character%20List/Fire%2037.png, Character%20List/Ice%2022.png, Character%20List/Lightning_Thunder%2025.png, Character%20List/Wind%2028.png, Character%20List/Dark%2025.png",Available in JP,,27 de junio de 2024,,Unavailable,⭐️⭐️⭐️⭐️⭐️,Available in JP,,27 de junio de 2024,Kingdom of Lucrece (Live A Live),221,271,419,484,335,385,26 de junio de 2024,"4,5",D (4.99 - 4.00),Never,2996,3656,Power,16 de marzo de 2023,C | 9.4-9.3,"9,3",ストレイボウ,Scholar,Memoir,Live A Live Crossover Guidance,Unavailable,,,216,266,276,326,567,657,313,363,"Dark, Fire, Ice, Lightning, Tome, Wind"
Ceraphina,No,"Character%20List/Dark%2026.png, Character%20List/Light%2030.png",Available in GL,30 de octubre de 2025,10 de octubre de 2024,19 de marzo de 2026,Available in JP,⭐️⭐️⭐️⭐️⭐️,Available in GL,30 de octubre de 2025,10 de octubre de 2024,Orsterra,213,263,506,571,278,328,30 de octubre de 2025,"7,13",A (8.49 - 7.00),Never,3180,4000,Fame,10 de octubre de 2024,B | 9.6-9.5,"9,5",セラフィナ,Apothecary,Memoir,Champion of Memories,Available in GL,30 de octubre de 2025,24 de octubre de 2024,235,285,332,382,418,488,291,341,"Dark, Light"
Osvald EX,No,"Character%20List/Dark%2027.png, Character%20List/Light%2031.png",Available in GL,15 de enero de 2026,24 de abril de 2025,,Unavailable,⭐️⭐️⭐️⭐️⭐️,Available in GL,15 de enero de 2026,24 de abril de 2025,Solistia,233,268,495,560,409,474,15 de enero de 2026,"8,08",A (8.49 - 7.00),Never,2712,3452,Domination,24 de abril de 2025,A | 9.7,"9,7",オズバルドEx,Cleric,Memoir Logs,Memoirs of Solistia,Available in GL,15 de enero de 2026,24 de abril de 2025,231,281,232,282,470,550,276,326,"Dark, Light"
Gilderoy,No,"Character%20List/Spear_Polearm%2024.png, Character%20List/Lightning_Thunder%2026.png",Available in GL,16 de enero de 2025,4 de agosto de 2023,,Unavailable,⭐️⭐️⭐️⭐️⭐️,Available in GL,24 de julio de 2025,12 de septiembre de 2024,Orsterra,251,286,280,330,300,350,27 de julio de 2022,"4,29",D (4.99 - 4.00),Yes,3528,4428,Power,28 de octubre de 2020,D | 9.2-9.1,"9,1",ギルデロイ,Merchant,Clearbrook,Chance Encounters,Available in JP,,16 de enero de 2025,354,419,363,413,322,402,208,243,"Lightning, Polearm"
Theo,No,"Character%20List/Axe%2022.png, Character%20List/Lightning_Thunder%2027.png",Available in GL,16 de enero de 2025,17 de agosto de 2023,,Unavailable,⭐️⭐️⭐️⭐️⭐️,Available in GL,16 de enero de 2025,29 de febrero de 2024,Orsterra,208,258,306,371,238,288,27 de julio de 2022,"3,92",E (3.99 - 0.00),Yes,3230,4050,Power,28 de octubre de 2020,E | 9.0,9,テオ,Apothecary,Theatropolis,Chance Encounters,Available in JP,,27 de febrero de 2025,350,400,397,447,418,488,286,336,"Axe, Lightning"
Dolcinaea,No,"Character%20List/Fan%2020.png, Character%20List/Fire%2038.png, Character%20List/Wind%2029.png",Available in GL,18 de septiembre de 2025,28 de abril de 2024,,Unavailable,⭐️⭐️⭐️⭐️⭐️,Available in GL,18 de septiembre de 2025,28 de abril de 2024,Solistia,282,317,482,547,302,352,18 de septiembre de 2025,"6,83",B (6.99 - 6.00),Never,2766,3586,Approval,28 de abril de 2024,D | 9.2-9.1,"9,2",ドルシネア,Dancer,Memoir Logs,Memoirs of Solistia,Available in GL,5 de febrero de 2026,27 de marzo de 2025,240,290,225,275,494,564,352,417,"Fan, Fire, Wind"
Dorothea,Yes,"Character%20List/Spear_Polearm%2025.png, Character%20List/Fire%2039.png",Available in GL,13 de marzo de 2025,31 de agosto de 2023,,Unavailable,⭐️⭐️⭐️⭐️⭐️,Available in GL,13 de marzo de 2025,31 de enero de 2024,Orsterra,261,296,290,340,290,340,8 de febrero de 2023,"6,11",B (6.99 - 6.00),Never,3380,4280,Wealth,23 de enero de 2021,F | 8.0,8,ドロテア,Merchant,Sheperd's Rock,Sacred Blaze Guidance,Unavailable,,,379,444,343,393,332,412,235,270,"Fire, Polearm"
Ringabel,Yes,"Character%20List/Sword%2027.png, Character%20List/Dark%2028.png",Available in GL,3 de abril de 2025,22 de noviembre de 2023,,Unavailable,⭐️⭐️⭐️⭐️⭐️,Available in GL,3 de abril de 2025,22 de noviembre de 2023,Luxendarc (BRAVELY DEFAULT),388,438,227,277,256,306,3 de abril de 2025,"7,5",A (8.49 - 7.00),Never,3232,4052,Wealth,22 de noviembre de 2023,C | 9.4-9.3,"9,3",リングアベル,Warrior,Memoir,BRAVELY DEFAULT Crossover Guidance,Available in GL,14 de mayo de 2026,,434,499,348,413,296,366,235,270,"Dark, Sword"
Xerc,No,"Character%20List/Tome%2026.png, Character%20List/Fire%2040.png, Character%20List/Ice%2023.png, Character%20List/Lightning%202.png, Character%20List/Wind%2030.png, Character%20List/Light%2032.png, Character%20List/Dark%2029.png",Available in GL,29 de enero de 2026,,,Unavailable,⭐️⭐️⭐️⭐️⭐️,Available in GL,29 de enero de 2026,,Orsterra,246,296,464,529,320,370,29 de enero de 2026,"9,79",S+ (10.00 - 9.50),Never,2761,3421,Wealth,,,,セルク,Scholar,Memoir,Traveler of Memories,Available in GL,29 de enero de 2026,,191,241,271,321,572,662,298,348,"Dark, Fire, Ice, Light, Lightning, Tome, Wind"
Kagemune,No,"Character%20List/Dagger%2024.png, Character%20List/Fire%2041.png, Character%20List/Ice%2024.png, Character%20List/Wind%2031.png",Available in GL,6 de noviembre de 2025,19 de diciembre de 2024,,Unavailable,⭐️⭐️⭐️⭐️⭐️,Available in GL,6 de noviembre de 2025,6 de enero de 2025,Solistia,378,428,236,286,178,228,6 de noviembre de 2025,"6,67",B (6.99 - 6.00),Never,2862,3682,Domination,19 de diciembre de 2024,B | 9.6-9.5,"9,5",カゲムネ,Thief,Memoir Logs,Tourney,Available in GL,6 de noviembre de 2025,6 de enero de 2025,423,488,205,225,352,432,460,525,"Dagger, Fire, Ice, Wind"
Gloria,No,"Character%20List/Staff_Staves%2020.png, Character%20List/Ice%2025.png, Character%20List/Light%2033.png",Available in GL,3 de abril de 2025,22 de noviembre de 2023,,Unavailable,⭐️⭐️⭐️⭐️⭐️,Available in GL,3 de abril de 2025,22 de noviembre de 2023,Excillant (BRAVELY DEFAULT II),278,313,435,500,384,449,3 de abril de 2025,"7,6",A (8.49 - 7.00),Never,2782,3522,Fame,22 de noviembre de 2023,B | 9.6-9.5,"9,5",グローリア,Cleric,Memoir,BRAVELY DEFAULT Crossover Guidance,Available in GL,14 de mayo de 2026,,231,281,302,352,460,540,271,321,"Ice, Light, Staff"
Temenos,No,"Character%20List/Staff_Staves%2021.png, Character%20List/Light%2034.png",Available in GL,23 de enero de 2025,28 de octubre de 2023,23 de octubre de 2025,Available in JP,⭐️⭐️⭐️⭐️⭐️,Available in GL,23 de enero de 2025,28 de octubre de 2023,Solistia,258,293,410,475,399,464,23 de enero de 2025,"6,43",B (6.99 - 6.00),Never,2712,3452,Domination,28 de octubre de 2023,C | 9.4-9.3,"9,4",テメノス,Cleric,Memoir Logs,Memoirs of Solistia,Available in GL,27 de noviembre de 2025,21 de noviembre de 2024,261,311,297,347,460,540,296,346,"Light, Staff"
Cyrus EX,No,"Character%20List/Sword%2028.png, Character%20List/Fire%2042.png, Character%20List/Lightning%203.png, Character%20List/Wind%2032.png",Available in GL,12 de febrero de 2026,13 de febrero de 2025,18 de diciembre de 2025,Available in JP,⭐️⭐️⭐️⭐️⭐️,Available in GL,12 de febrero de 2026,13 de febrero de 2025,Overworld (Dragon Quest III),273,323,412,462,251,301,12 de febrero de 2026,"6,32",B (6.99 - 6.00),Never,3052,3872,Approval,13 de febrero de 2025,A | 9.7,"9,7",サイラスEx,Warrior,Memoir,Dragon Quest III Crossover Guidance,Available in GL,12 de febrero de 2026,13 de febrero de 2025,434,499,298,363,346,416,235,270,"Fire, Lightning, Sword, Wind"
Cecil,No,"Character%20List/Sword%2029.png, Character%20List/Light%2035.png, Character%20List/Dark%2030.png",Available in GL,17 de julio de 2025,20 de junio de 2024,,Unavailable,⭐️⭐️⭐️⭐️⭐️,Available in GL,17 de julio de 2025,20 de junio de 2024,Earth (Final Fantasy IV),323,373,207,257,281,331,17 de julio de 2025,"8,92",S (9.49 - 8.50),Never,3252,4072,Fame,20 de junio de 2024,A | 9.7,"9,7",セシル,Warrior,Memoir,Free (Collab Traveler Story),Available in GL,30 de octubre de 2025,19 de diciembre de 2024,399,464,358,423,296,366,255,290,"Dark, Light, Sword"
Yunnie,No,"Character%20List/Bow%2018.png, Character%20List/Sword%2030.png, Character%20List/Spear_Polearm%2026.png, Character%20List/Axe%2023.png, Character%20List/Fire%2043.png",Available in GL,1 de mayo de 2025,31 de enero de 2024,,Unavailable,⭐️⭐️⭐️⭐️⭐️,Available in GL,1 de mayo de 2025,31 de enero de 2024,Orsterra,375,440,240,290,233,253,15 de febrero de 2023,"6,31",B (6.99 - 6.00),Never,3042,3862,Fame,21 de julio de 2021,E | 9.0,9,ユーニィ,Hunter,Grandport,Tourney,Unavailable,,,407,472,218,268,381,461,350,400,"Axe, Bow, Fire, Polearm, Sword"
Ophilia EX,Yes,"Character%20List/Tome%2027.png, Character%20List/Fire%2044.png, Character%20List/Ice%2026.png, Character%20List/Lightning_Thunder%2028.png, Character%20List/Wind%2033.png, Character%20List/Light%2036.png, Character%20List/Dark%2031.png",Available in GL,17 de julio de 2025,20 de junio de 2024,,Unavailable,⭐️⭐️⭐️⭐️⭐️,Available in GL,17 de julio de 2025,20 de junio de 2024,Orsterra,236,286,439,504,330,380,17 de julio de 2025,"7,17",A (8.49 - 7.00),Never,2756,3416,Fame,20 de junio de 2024,D | 9.2-9.1,"9,2",オフィーリアEx,Scholar,Memoir,Final Fantasy IV Crossover Guidance,Available in JP,,19 de diciembre de 2024,226,276,286,336,612,702,288,338,"Dark, Fire, Ice, Light, Lightning, Tome, Wind"
O. Odio,Yes,"Character%20List/Sword%2031.png, Character%20List/Fire%2045.png, Character%20List/Dark%2032.png",Available in GL,22 de enero de 2026,4 de julio de 2024,,Unavailable,⭐️⭐️⭐️⭐️⭐️,Available in GL,22 de enero de 2026,4 de julio de 2024,Dominion of Hate (Live A Live),353,403,227,277,236,286,10 de julio de 2024,"7,88",A (8.49 - 7.00),Never,3092,3912,Fame,30 de marzo de 2023,D | 9.2-9.1,"9,2",オディオ・O,Warrior,Memoir,Live A Live Crossover Guidance,Available in JP,,,469,534,323,388,331,401,290,325,"Dark, Fire, Sword"
Aoi,No,"Character%20List/Sword%2032.png, Character%20List/Lightning%204.png, Character%20List/Wind%2034.png",Available in GL,23 de abril de 2026,19 de junio de 2025,,Unavailable,⭐️⭐️⭐️⭐️⭐️,Available in GL,23 de abril de 2026,19 de junio de 2025,Solistia,288,338,242,292,231,281,23 de abril de 2026,,,Never,3212,4032,Domination,19 de junio de 2025,B | 9.6-9.5,"9,5",アオイ,Warrior,Memoir Logs,Tourney,Available in GL,23 de abril de 2026,19 de junio de 2025,439,504,293,358,306,376,345,380,"Lightning, Sword, Wind"
Viola EX,No,"Character%20List/Tome%2028.png, Character%20List/Fire%2046.png, Character%20List/Ice%2027.png, Character%20List/Light%2037.png",Available in GL,12 de febrero de 2026,13 de febrero de 2025,18 de diciembre de 2025,Available in JP,⭐️⭐️⭐️⭐️⭐️,Available in GL,12 de febrero de 2026,13 de febrero de 2025,Overworld (Dragon Quest III),201,251,489,554,310,360,12 de febrero de 2026,"7,36",A (8.49 - 7.00),Never,2896,3556,Opulence,13 de febrero de 2025,A | 9.7,"9,7",ヴィオラEx,Scholar,Memoir,Dragon Quest III Crossover Guidance,Available in GL,12 de febrero de 2026,13 de febrero de 2025,221,271,246,296,572,662,318,368,"Fire, Ice, Light, Tome"
Magnolia,Yes,"Character%20List/Spear_Polearm%2027.png, Character%20List/Lightning_Thunder%2029.png",Available in GL,17 de abril de 2025,7 de diciembre de 2023,,Unavailable,⭐️⭐️⭐️⭐️⭐️,Available in GL,17 de abril de 2025,7 de diciembre de 2023,Luxendarc (BRAVELY DEFAULT),281,316,240,290,270,320,17 de abril de 2025,"7,75",A (8.49 - 7.00),Never,3360,4260,Power,7 de diciembre de 2023,C | 9.4-9.3,"9,3",マグノリア,Merchant,Memoir,BRAVELY DEFAULT Crossover Guidance,Available in GL,14 de mayo de 2026,,454,519,348,398,332,412,240,275,"Lightning, Polearm"
Rai Mei,Yes,"Character%20List/Spear_Polearm%2028.png, Character%20List/Sword%2033.png, Character%20List/Fire%2047.png, Character%20List/Lightning_Thunder%2030.png, Character%20List/Light%2038.png, Character%20List/Dark%2033.png",Available in GL,4 de diciembre de 2025,1 de enero de 2025,25 de diciembre de 2025,Available in JP,⭐️⭐️⭐️⭐️⭐️,Available in GL,4 de diciembre de 2025,1 de enero de 2025,Solistia,281,316,455,505,265,315,4 de diciembre de 2025,"7,78",A (8.49 - 7.00),Never,3240,4140,Approval,1 de enero de 2025,B | 9.6-9.5,"9,5",ライ・メイ,Merchant,Memoir Logs,Memoirs of Solistia,Available in GL,4 de diciembre de 2025,1 de enero de 2025,289,354,298,348,442,522,230,265,"Dark, Fire, Light, Lightning, Polearm, Sword"
Molrusso EX,No,"Character%20List/Fan%2021.png, Character%20List/Sword%2034.png, Character%20List/Axe%2024.png, Character%20List/Staff%202.png, Character%20List/Tome%2029.png, Character%20List/Fire%2048.png",Available in GL,12 de febrero de 2026,13 de febrero de 2025,18 de diciembre de 2025,Available in JP,⭐️⭐️⭐️⭐️⭐️,Available in GL,12 de febrero de 2026,13 de febrero de 2025,Overworld (Dragon Quest III),322,357,317,382,282,332,12 de febrero de 2026,"9,63",S+ (10.00 - 9.50),Never,2786,3606,Domination,13 de febrero de 2025,S | 9.8,"9,8",モルルッソEx,Dancer,Memoir,Dragon Quest III Crossover Guidance,Available in GL,12 de febrero de 2026,13 de febrero de 2025,390,440,220,270,469,539,362,427,"Axe, Fan, Fire, Staff, Sword, Tome"
Dark Knight,No,"Character%20List/Sword%2035.png, Character%20List/Dark%2034.png",Available in GL,18 de diciembre de 2025,16 de enero de 2025,19 de marzo de 2026,Available in JP,⭐️⭐️⭐️⭐️⭐️,Available in GL,18 de diciembre de 2025,16 de enero de 2025,Orsterra,338,388,232,282,266,316,18 de diciembre de 2025,"9,8",S+ (10.00 - 9.50),Never,3232,4052,Power,16 de enero de 2025,S | 9.8,"9,8",黒の騎士,Warrior,Memoir,Champion of Memories,Available in GL,18 de diciembre de 2025,16 de enero de 2025,469,534,353,418,316,386,285,320,"Dark, Sword"
Ditraina EX,Yes,"Character%20List/Bow%2019.png, Character%20List/Fire%2049.png, Character%20List/Ice%2028.png, Character%20List/Lightning_Thunder%2031.png, Character%20List/Wind%2035.png, Character%20List/Light%2039.png, Character%20List/Dark%2035.png",Available in GL,13 de noviembre de 2025,24 de octubre de 2024,,Unavailable,⭐️⭐️⭐️⭐️⭐️,Available in GL,13 de noviembre de 2025,24 de octubre de 2024,Orsterra,345,410,275,325,253,273,13 de noviembre de 2025,"8,89",S (9.49 - 8.50),Never,2927,3747,Power,24 de octubre de 2024,B | 9.6-9.5,"9,5",ディトレイナEx,Hunter,Memoir,Traveler of Memories,Available in GL,13 de noviembre de 2025,24 de octubre de 2024,452,517,228,278,426,506,330,380,"Bow, Dark, Fire, Ice, Light, Lightning, Wind"
Lynette,No,"Character%20List/Fan%2022.png, Character%20List/Fire%2050.png",Available in GL,16 de enero de 2025,4 de agosto de 2023,,Unavailable,⭐️⭐️⭐️⭐️⭐️,Available in GL,16 de enero de 2025,28 de marzo de 2024,Orsterra,272,307,402,467,342,392,27 de julio de 2022,6,B (6.99 - 6.00),Yes,2786,3606,Power,28 de octubre de 2020,C | 9.4-9.3,"9,3",リネット,Dancer,Cragspear,Chance Encounters,Available in JP,,27 de marzo de 2025,250,300,240,290,499,569,342,407,"Fan, Fire"
Elrica EX,Yes,"Character%20List/Dagger%2025.png, Character%20List/Sword%2036.png, Character%20List/Spear_Polearm%2029.png, Character%20List/Axe%2025.png, Character%20List/Bow%2020.png, Character%20List/Staff_Staves%2022.png, Character%20List/Tome%2030.png, Character%20List/Fan%2023.png, Character%20List/Lightning_Thunder%2032.png",Available in GL,13 de noviembre de 2025,24 de octubre de 2024,22 de enero de 2026,Available in JP,⭐️⭐️⭐️⭐️⭐️,Available in GL,13 de noviembre de 2025,24 de octubre de 2024,Orsterra,348,398,226,276,273,323,13 de noviembre de 2025,"8,5",S (9.49 - 8.50),Never,2832,3652,Power,24 de octubre de 2024,B | 9.6-9.5,"9,6",エリカEx,Thief,Memoir,Traveler of Memories,Available in GL,13 de noviembre de 2025,24 de octubre de 2024,423,488,280,300,332,412,420,485,"Axe, Bow, Dagger, Fan, Lightning, Polearm, Staff, Sword, Tome"
Noel,Unreleased in GL,"Character%20List/Dagger%2026.png, Character%20List/Sword%2037.png, Character%20List/Polearm%201.png, Character%20List/Axe%2026.png, Character%20List/Bow%2021.png, Character%20List/Staff%203.png, Character%20List/Tome%2031.png, Character%20List/Fan%2024.png, Character%20List/Fire%2051.png, Character%20List/Ice%2029.png, Character%20List/Wind%2036.png",Available in JP,,19 de febrero de 2026,19 de febrero de 2026,Available in JP,⭐️⭐️⭐️⭐️⭐️,Available in JP,,19 de febrero de 2026,Empire of Avalon (Romancing SaGa 2),288,338,226,276,348,398,,,,Never,3462,4282,Fame,19 de febrero de 2026,S++ | 10.0,10,七英雄ノエル,Thief,Memoir,Romancing SaGa 2 Crossover Guidance,Available in JP,,19 de febrero de 2026,593,658,385,405,402,482,360,425,"Axe, Bow, Dagger, Fan, Fire, Ice, Polearm, Staff, Sword, Tome, Wind"
Jillmeila,No,"Character%20List/Bow%2022.png, Character%20List/Dark%2036.png",Available in GL,27 de febrero de 2025,17 de agosto de 2023,,Unavailable,⭐️⭐️⭐️⭐️⭐️,Available in GL,21 de agosto de 2025,15 de agosto de 2024,Orsterra,405,470,276,326,254,274,15 de febrero de 2023,4,D (4.99 - 4.00),Yes,2902,3722,Power,9 de septiembre de 2021,F+ | 8.5,"8,5",ジルメイラ,Hunter,I'cirlo,Chance Encounters,Unavailable,,,403,468,226,276,375,455,340,390,"Bow, Dark"
Rondo EX,No,"Character%20List/Sword%2038.png, Character%20List/Dagger%2027.png, Character%20List/Tome%2032.png, Character%20List/Ice%2030.png, Character%20List/Light%2040.png, Character%20List/Dark%2037.png",Available in GL,23 de abril de 2026,31 de julio de 2025,,Unavailable,⭐️⭐️⭐️⭐️⭐️,Available in GL,23 de abril de 2026,31 de julio de 2025,Orsterra,266,316,484,549,310,360,23 de abril de 2026,,,Never,2936,3596,Fame,31 de julio de 2025,S | 9.8,"9,8",ロンドEx,Scholar,Memoir,Tidal Travelers,Available in GL,23 de abril de 2026,31 de julio de 2025,201,251,246,296,572,662,273,323,"Dagger, Dark, Ice, Light, Sword, Tome"
Scarecrow,No,"Character%20List/Bow%2023.png, Character%20List/Wind%2037.png",Available in GL,16 de enero de 2025,22 de junio de 2023,6 de noviembre de 2025,Available in JP,⭐️⭐️⭐️⭐️⭐️,Available in GL,,11 de abril de 2024,Orsterra,410,475,230,280,263,283,27 de julio de 2022,"4,15",D (4.99 - 4.00),Yes,3072,3892,Fame,28 de octubre de 2020,F | 8.0,8,スケアクロウ,Hunter,Sheperd's Rock,Chance Encounters,Available in GL,,24 de octubre de 2024,377,442,223,273,376,456,345,395,"Bow, Wind"
Eltrix EX,No,"Character%20List/Sword%2039.png, Character%20List/Axe%2027.png, Character%20List/Bow%2024.png, Character%20List/Ice%2031.png",Available in GL,23 de abril de 2026,31 de julio de 2025,,Unavailable,⭐️⭐️⭐️⭐️⭐️,Available in GL,23 de abril de 2026,31 de julio de 2025,Orsterra,285,350,445,495,258,278,23 de abril de 2026,,,Never,3202,4022,Wealth,31 de julio de 2025,B | 9.6-9.5,"9,5",エルトリクスEx,Hunter,Memoir,Tidal Travelers,Available in GL,23 de abril de 2026,31 de julio de 2025,292,357,228,278,386,466,330,380,"Axe, Bow, Ice, Sword"
Castti EX,No,"Character%20List/Fan%2025.png, Character%20List/Ice%2032.png, Character%20List/Wind%2038.png",Available in GL,26 de febrero de 2026,8 de mayo de 2025,,Unavailable,⭐️⭐️⭐️⭐️⭐️,Available in GL,26 de febrero de 2026,8 de mayo de 2025,Solistia,297,332,502,567,272,322,26 de febrero de 2026,"8,19",A (8.49 - 7.00),Never,2976,3796,Approval,8 de mayo de 2025,B | 9.6-9.5,"9,6",キャスティEx,Dancer,Memoir Logs,Memoirs of Solistia,Available in GL,26 de febrero de 2026,8 de mayo de 2025,220,270,200,250,504,574,337,402,"Fan, Ice, Wind"
Edgar,Unreleased in GL,"Character%20List/Polearm%202.png, Character%20List/Axe%2028.png, Character%20List/Bow%2025.png, Character%20List/Light%2041.png",Available in JP,11 de junio de 2026,28 de agosto de 2025,,Unavailable,⭐️⭐️⭐️⭐️⭐️,Available in JP,11 de junio de 2026,28 de agosto de 2025,World of Balance (Final Fantasy VI),261,296,225,275,290,340,11 de junio de 2026,,,Never,3440,4340,Fame,28 de agosto de 2025,S | 9.8,"9,8",エドガー,Merchant,Memoir,Final Fantasy VI Crossover Guidance,Available in JP,11 de junio de 2026,28 de agosto de 2025,414,479,358,408,382,462,225,260,"Axe, Bow, Light, Polearm"
Feintz,Unreleased in GL,"Character%20List/Sword%2040.png, Character%20List/Polearm%203.png, Character%20List/Fire%2052.png",Available in JP,,6 de noviembre de 2025,6 de noviembre de 2025,Available in JP,⭐️⭐️⭐️⭐️⭐️,Available in JP,,6 de noviembre de 2025,Orsterra,363,413,247,297,301,351,,,,Never,3612,4432,Power,6 de noviembre de 2025,B | 9.6-9.5,"9,6",フェインツ,Warrior,Memoir,Traveler of Memories,Available in JP,,6 de noviembre de 2025,489,554,378,443,396,466,390,425,"Fire, Polearm, Sword"
Soleil,No,"Character%20List/Axe%2029.png, Character%20List/Light%2042.png",Available in GL,6 de marzo de 2025,28 de septiembre de 2023,,Unavailable,⭐️⭐️⭐️⭐️⭐️,Available in GL,6 de marzo de 2025,28 de marzo de 2024,Orsterra,218,268,361,426,228,278,22 de febrero de 2023,"4,08",D (4.99 - 4.00),Yes,3215,4035,Power,24 de junio de 2021,E | 9.0,9,ソレイユ,Apothecary,Sufrataljah,Chance Encounters,Unavailable,,,332,382,383,433,388,458,276,326,"Axe, Light"
Dark Priestess,No,Character%20List/Dark%2038.png,Available in GL,18 de diciembre de 2025,16 de enero de 2025,19 de marzo de 2026,Available in JP,⭐️⭐️⭐️⭐️⭐️,Available in GL,18 de diciembre de 2025,16 de enero de 2025,Orsterra,292,327,487,552,322,372,18 de diciembre de 2025,"8,79",S (9.49 - 8.50),Never,2676,3496,Fame,16 de enero de 2025,A | 9.7,"9,7",黒の巫女,Dancer,Memoir,Champion of Memories,Available in GL,18 de diciembre de 2025,16 de enero de 2025,225,275,235,285,514,584,372,437,Dark
Therese EX,No,"Character%20List/Staff%204.png, Character%20List/Wind%2039.png, Character%20List/Lightning%205.png",Available in GL,12 de marzo de 2026,13 de marzo de 2025,18 de diciembre de 2025,Available in JP,⭐️⭐️⭐️⭐️⭐️,Available in GL,12 de marzo de 2026,13 de marzo de 2025,Overworld (Dragon Quest III),253,288,450,515,329,394,12 de marzo de 2026,,,Never,2792,3532,Approval,13 de marzo de 2025,C | 9.4-9.3,"9,4",テレーズEx,Cleric,Memoir,Dragon Quest III Crossover Guidance,Available in GL,12 de marzo de 2026,13 de marzo de 2025,331,381,252,302,430,510,296,346,"Lightning, Staff, Wind"
Lars,No,"Character%20List/Sword%2041.png, Character%20List/Wind%2040.png",Available in GL,15 de mayo de 2025,4 de enero de 2024,,Unavailable,⭐️⭐️⭐️⭐️⭐️,Available in GL,15 de mayo de 2025,11 de abril de 2024,Orsterra,328,378,257,307,251,301,1 de marzo de 2023,"5,5",C (5.99 - 5.00),Yes,3162,3982,Power,7 de octubre de 2021,F | 8.0,8,ラース,Warrior,Sufrataljah,Chance Encounters,Available in GL,30 de octubre de 2025,29 de mayo de 2025,419,484,308,373,301,371,315,350,"Sword, Wind"
Crick,Yes,"Character%20List/Sword%2042.png, Character%20List/Staff_Staves%2023.png, Character%20List/Light%2043.png",Available in GL,27 de noviembre de 2025,21 de noviembre de 2024,,Available in JP,⭐️⭐️⭐️⭐️⭐️,Available in GL,27 de noviembre de 2025,21 de noviembre de 2024,Solistia,278,328,207,257,331,381,27 de noviembre de 2025,"8,6",S (9.49 - 8.50),Never,3462,4282,Approval,21 de noviembre de 2024,B | 9.6-9.5,"9,6",クリック,Warrior,Memoir Logs,Memoirs of Solistia,Available in GL,27 de noviembre de 2025,21 de noviembre de 2024,354,419,398,463,336,406,235,270,"Light, Staff, Sword"
Hikari EX,Yes,"Character%20List/Staff_Staves%2024.png, Character%20List/Fire%2053.png, Character%20List/Ice%2033.png, Character%20List/Lightning_Thunder%2033.png, Character%20List/Wind%2041.png, Character%20List/Light%2044.png",Available in GL,4 de diciembre de 2025,1 de enero de 2025,23 de octubre de 2025,Available in JP,⭐️⭐️⭐️⭐️⭐️,Available in GL,4 de diciembre de 2025,1 de enero de 2025,Solistia,298,333,525,590,334,399,4 de diciembre de 2025,"9,55",S+ (10.00 - 9.50),Never,2812,3552,Domination,1 de enero de 2025,B | 9.6-9.5,"9,6",ヒカリEx,Cleric,Memoir Logs,Memoirs of Solistia,Available in GL,4 de diciembre de 2025,1 de enero de 2025,246,296,267,317,460,540,241,291,"Fire, Ice, Light, Lightning, Staff, Wind"
Warrior of Black Corrosion,Unreleased in GL,"Character%20List/Sword%2043.png, Character%20List/Dark%2039.png",Available in JP,,19 de marzo de 2026,19 de marzo de 2026,Available in JP,⭐️⭐️⭐️⭐️⭐️,Available in JP,,19 de marzo de 2026,Solistia,313,363,552,602,326,376,,,,Never,3732,4552,Domination,19 de marzo de 2026,S | 9.8,"9,8",黒蝕の剣士,Warrior,Memoir,Champion of Memories,Available in JP,,19 de marzo de 2026,349,414,358,423,366,436,290,325,"Dark, Sword"
Laura,,"Character%20List/Tome%2033.png, Character%20List/Lightning_Thunder%2034.png",Available in GL,16 de enero de 2025,22 de noviembre de 2023,,Unavailable,⭐️⭐️⭐️⭐️,Available in GL,16 de enero de 2025,14 de marzo de 2024,Orsterra,227,277,351,416,349,399,27 de julio de 2022,,,Yes,2890,3550,Power,28 de octubre de 2020,F+ | 8.5,9,ラウラ,Scholar,Theatropolis,Chance Encounters,Available in GL,30 de octubre de 2025,,255,305,293,343,552,642,275,325,"Lightning, Tome"
Heinz,,"Character%20List/Tome%2034.png, Character%20List/Dark%2040.png",Available in GL,16 de enero de 2025,4 de agosto de 2023,,Unavailable,⭐️⭐️⭐️⭐️,Available in GL,,26 de septiembre de 2024,Orsterra,225,275,349,414,343,393,27 de julio de 2022,,,Yes,2925,3585,Wealth,28 de octubre de 2020,F | 8.0,"8,5",ハインツ,Scholar,Cragspear,Chance Encounters,Available in GL,30 de octubre de 2025,16 de enero de 2025,250,300,296,346,544,634,273,323,"Dark, Tome"
Levina EX,No,"Character%20List/Fan%2026.png, Character%20List/Dagger%2028.png, Character%20List/Tome%2035.png, Character%20List/Lightning%206.png, Character%20List/Wind%2042.png",Available in GL,30 de abril de 2026,,,Unavailable,⭐️⭐️⭐️⭐️⭐️,Available in GL,30 de abril de 2026,,Orsterra,315,350,212,277,261,311,30 de abril de 2026,,,Never,2957,3777,Wealth,,,,レヴィーナEx,Dancer,Memoir,Traveler of Memories,Available in GL,30 de abril de 2026,,456,506,291,341,492,562,295,360,"Dagger, Fan, Lightning, Tome, Wind"
Locke,Unreleased in GL,"Character%20List/Dagger%2029.png, Character%20List/Bow%2026.png, Character%20List/Fire%2054.png, Character%20List/Ice%2034.png, Character%20List/Lightning%207.png",Available in JP,11 de junio de 2026,28 de agosto de 2025,,Unavailable,⭐️⭐️⭐️⭐️⭐️,Available in JP,11 de junio de 2026,28 de agosto de 2025,World of Balance (Final Fantasy VI),338,388,216,266,228,278,11 de junio de 2026,,,Never,2892,3712,Wealth,28 de agosto de 2025,S | 9.8,"9,8",ロック,Thief,Memoir,Final Fantasy VI Crossover Guidance,Available in JP,11 de junio de 2026,28 de agosto de 2025,463,528,265,285,352,432,435,500,"Bow, Dagger, Fire, Ice, Lightning"
Cassia,Unreleased in GL,"Character%20List/Bow%2027.png, Character%20List/Wind%2043.png, Character%20List/Light%2045.png, Character%20List/Dark%2041.png",Available in JP,,30 de junio de 2025,,Unavailable,⭐️⭐️⭐️⭐️⭐️,Available in JP,,30 de junio de 2025,Solistia,355,420,265,315,263,283,,,,Never,3022,3842,Domination,30 de junio de 2025,B | 9.6-9.5,"9,5",ケイシア,Hunter,Memoir Logs,Sacred Blaze Guidance,Available in JP,,30 de junio de 2025,427,492,213,263,406,486,360,410,"Bow, Dark, Light, Wind"
Yomi,Unreleased in GL,"Character%20List/Fan%2027.png, Character%20List/Sword%2044.png, Character%20List/Ice%2035.png, Character%20List/Light%2046.png",Available in JP,,20 de noviembre de 2025,20 de noviembre de 2025,Available in JP,⭐️⭐️⭐️⭐️⭐️,Available in JP,,20 de noviembre de 2025,Solistia,277,312,467,532,392,442,,,,Never,3276,4096,Approval,20 de noviembre de 2025,A | 9.7,"9,7",ヨミ,Dancer,Memoir Logs,Memoirs of Solistia,Available in JP,,20 de noviembre de 2025,295,345,305,355,554,624,412,477,"Fan, Ice, Light, Sword"
Saint of the Twin Blazes,Unreleased in GL,"Character%20List/Sword%2045.png, Character%20List/Fire%2055.png, Character%20List/Light%2047.png, Character%20List/Dark%2042.png",Available in JP,,9 de abril de 2026,9 de abril de 2026,Available in JP,⭐️⭐️⭐️⭐️⭐️,Available in JP,,9 de abril de 2026,Orsterra,313,348,520,585,479,544,,,,Never,3272,4012,Power,9 de abril de 2026,S+ | 9.9,"9,9",双炎の聖者,Cleric,Memoir,Champion of Memories,Available in JP,,9 de abril de 2026,286,336,362,412,460,540,251,301,"Dark, Fire, Light, Sword"
Helga,,"Character%20List/Spear_Polearm%2030.png, Character%20List/Ice%2036.png",Available in GL,16 de enero de 2025,31 de agosto de 2023,,Unavailable,⭐️⭐️⭐️⭐️,Available in GL,,26 de septiembre de 2024,Orsterra,251,286,278,328,294,344,27 de julio de 2022,,,Yes,3464,4364,Power,28 de octubre de 2020,F | 8.0,"8,5",ヘルガ,Merchant,Cragspear,Chance Encounters,Available in GL,30 de octubre de 2025,5 de diciembre de 2024,352,417,350,400,317,397,223,258,"Ice, Polearm"
Nada,Unreleased in GL,"Character%20List/Tome%2036.png, Character%20List/Light%2048.png",Available in JP,,4 de diciembre de 2025,4 de diciembre de 2025,Available in JP,⭐️⭐️⭐️⭐️⭐️,Available in JP,,4 de diciembre de 2025,Solistia,316,366,509,574,370,420,,,,Never,3396,4056,Approval,4 de diciembre de 2025,B | 9.6-9.5,"9,5",ナーダ,Scholar,Memoir Logs,Memoirs of Solistia,Available in JP,,4 de diciembre de 2025,266,316,306,356,622,712,313,363,"Light, Tome"
Aviete,No,"Character%20List/Staff%205.png, Character%20List/Sword%2046.png, Character%20List/Polearm%204.png, Character%20List/Dagger%2030.png, Character%20List/Tome%2037.png, Character%20List/Fan%2028.png, Character%20List/Fire%2056.png, Character%20List/Ice%2037.png, Character%20List/Lightning%208.png, Character%20List/Wind%2044.png, Character%20List/Light%2049.png, Character%20List/Dark%2043.png",Available in GL,7 de mayo de 2026,17 de julio de 2025,,Available in JP,⭐️⭐️⭐️⭐️⭐️,Available in GL,7 de mayo de 2026,17 de julio de 2025,Orsterra,228,263,435,500,389,454,7 de mayo de 2026,,,Never,2762,3502,Fame,17 de julio de 2025,S+ | 9.9,"9,9",アヴィーテ,Cleric,Memoir,Traveler of Memories,Available in GL,7 de mayo de 2026,17 de julio de 2025,216,266,302,352,450,530,331,381,"Dark, Fire, Ice, Light, Lightning, Staff, Wind"
2B,No,"Character%20List/Sword%2047.png, Character%20List/Axe%2030.png, Character%20List/Fire%2057.png, Character%20List/Dark%2044.png",Available in GL,4 de septiembre de 2025,14 de marzo de 2024,,Unavailable,⭐️⭐️⭐️⭐️⭐️,Available in GL,4 de septiembre de 2025,14 de marzo de 2024,NieR Universe (NieR series),288,338,257,307,246,296,22 de marzo de 2023,"4,89",D (4.99 - 4.00),Never,3242,4062,Fame,1 de marzo de 2022,F | 8.0,8,2B,Warrior,Memoir,NieR:Automata Crossover Guidance,Available in JP,,28 de noviembre de 2024,434,499,323,388,301,371,320,355,"Axe, Dark, Fire, Sword"
Cerna,,"Character%20List/Spear_Polearm%2031.png, Character%20List/Dark%2045.png",Available in GL,16 de enero de 2025,26 de octubre de 2023,,Unavailable,⭐️⭐️⭐️⭐️,Available in GL,,18 de julio de 2024,Orsterra,251,286,223,273,230,280,30 de agosto de 2023,,,Never,2481,3381,Wealth,28 de octubre de 2020,F | 8.0,"8,5",チェルナ,Merchant,Donescu,Exchange Elite Fragments,Available in GL,,30 de octubre de 2025,301,366,307,357,239,319,181,216,"Dark, Polearm"
Efrain,,"Character%20List/Staff_Staves%2025.png, Character%20List/Fire%2058.png",Available in GL,16 de enero de 2025,14 de septiembre de 2023,,Unavailable,⭐️⭐️⭐️⭐️,Available in GL,,15 de agosto de 2024,Orsterra,288,323,335,400,354,419,25 de octubre de 2023,,,Never,2787,3527,Power,14 de enero de 2021,F | 8.0,"8,5",エフレン,Cleric,Sunshade,Exchange Elite Fragments,Available in GL,30 de octubre de 2025,27 de marzo de 2025,336,386,272,322,395,475,291,341,"Fire, Staff"
Devin,No,"Character%20List/Spear_Polearm%2032.png, Character%20List/Wind%2045.png",Available in GL,16 de enero de 2025,28 de septiembre de 2023,26 de febrero de 2026,Available in JP,⭐️⭐️⭐️⭐️,Available in GL,16 de enero de 2025,11 de abril de 2024,Orsterra,261,296,284,334,283,333,27 de julio de 2022,,,Yes,3460,4360,Wealth,28 de octubre de 2020,F+ | 8.5,9,デヴィン,Merchant,Valore,Chance Encounters,Available in GL,30 de octubre de 2025,21 de noviembre de 2024,351,416,343,393,326,406,217,252,"Polearm, Wind"
Noelle,,"Character%20List/Tome%2038.png, Character%20List/Wind%2046.png",Available in GL,16 de enero de 2025,31 de agosto de 2023,,Unavailable,⭐️⭐️⭐️⭐️,Available in GL,,9 de mayo de 2024,Orsterra,230,280,404,469,332,382,27 de julio de 2022,,,Yes,2895,3555,Fame,28 de octubre de 2020,F+ | 8.5,9,ノエル,Scholar,Valore,Chance Encounters,Available in GL,30 de octubre de 2025,,244,294,287,337,556,646,288,338,"Tome, Wind"
Signa EX,No,"Character%20List/Axe%2031.png, Character%20List/Sword%2048.png, Character%20List/Polearm%205.png, Character%20List/Staff%206.png",Available in GL,12 de marzo de 2026,13 de marzo de 2025,18 de diciembre de 2025,Available in JP,⭐️⭐️⭐️⭐️⭐️,Available in GL,12 de marzo de 2026,13 de marzo de 2025,Overworld (Dragon Quest III),208,258,236,301,248,298,12 de marzo de 2026,,,Never,3940,4760,Approval,13 de marzo de 2025,A | 9.7,"9,7",シグナEx,Apothecary,Memoir,Dragon Quest III Crossover Guidance,Available in GL,12 de marzo de 2026,13 de marzo de 2025,440,490,357,407,378,448,196,246,"Axe, Polearm, Staff, Sword"
Celes,Unreleased in GL,"Character%20List/Sword%2049.png, Character%20List/Ice%2038.png, Character%20List/Light%2050.png",Available in JP,,25 de septiembre de 2025,,Unavailable,⭐️⭐️⭐️⭐️⭐️,Available in JP,,25 de septiembre de 2025,World of Balance (Final Fantasy VI),263,313,442,492,281,331,,,,Never,3072,3892,Domination,25 de septiembre de 2025,A | 9.7,"9,7",セリス,Warrior,Memoir,Final Fantasy VI Crossover Guidance,Available in JP,,25 de septiembre de 2025,284,349,333,398,336,406,285,320,"Ice, Light, Sword"
Tahir,,"Character%20List/Sword%2050.png, Character%20List/Fire%2059.png",Available in GL,16 de enero de 2025,31 de agosto de 2023,,Unavailable,⭐️⭐️⭐️⭐️,Available in GL,,23 de mayo de 2024,Orsterra,325,375,237,287,249,299,27 de julio de 2022,,,Yes,3244,4064,Fame,28 de octubre de 2020,F | 8.0,8,ターヒル,Warrior,Sunshade,Chance Encounters,Available in GL,30 de octubre de 2025,6 de enero de 2025,391,456,338,403,282,352,278,313,"Fire, Sword"
Miles,No,"Character%20List/Sword%2051.png, Character%20List/Light%2051.png",Available in GL,16 de enero de 2025,4 de agosto de 2023,5 de febrero de 2026,Available in JP,⭐️⭐️⭐️⭐️,Available in GL,16 de enero de 2025,21 de diciembre de 2023,Orsterra,311,361,241,291,261,311,27 de julio de 2022,,,Yes,3230,4050,Power,28 de octubre de 2020,F | 8.0,8,マイルズ,Warrior,Emberglow,Chance Encounters,Available in GL,30 de octubre de 2025,21 de noviembre de 2024,378,443,352,417,291,361,274,309,"Light, Sword"
Relm,Unreleased in GL,"Character%20List/Fan%2029.png, Character%20List/Dagger%2031.png, Character%20List/Fire%2060.png, Character%20List/Ice%2039.png, Character%20List/Lightning%209.png, Character%20List/Wind%2047.png, Character%20List/Light%2052.png, Character%20List/Dark%2046.png",Available in JP,,25 de septiembre de 2025,,Unavailable,⭐️⭐️⭐️⭐️⭐️,Available in JP,,25 de septiembre de 2025,World of Balance (Final Fantasy VI),227,262,517,582,307,357,,,,Never,2676,3496,Approval,25 de septiembre de 2025,S+ | 9.9,"9,9",リルム,Dancer,Memoir,Final Fantasy VI Crossover Guidance,Available in JP,,25 de septiembre de 2025,230,280,210,260,514,584,402,467,"Dagger, Dark, Fan, Fire, Ice, Light, Lightning, Wind"
Partitio EX,Yes,"Character%20List/Dagger%2032.png, Character%20List/Staff%207.png",Available in GL,12 de marzo de 2026,13 de marzo de 2025,18 de diciembre de 2025,Available in JP,⭐️⭐️⭐️⭐️⭐️,Available in GL,12 de marzo de 2026,13 de marzo de 2025,Overworld (Dragon Quest III),488,538,216,266,218,268,12 de marzo de 2026,,,Never,2922,3742,Opulence,13 de marzo de 2025,B | 9.6-9.5,"9,6",パルテティオEx,Thief,Memoir,Dragon Quest III Crossover Guidance,Available in GL,12 de marzo de 2026,13 de marzo de 2025,358,423,235,255,322,402,435,500,"Dagger, Staff"
Reime,Unreleased in GL,"Character%20List/Sword%2052.png, Character%20List/Dark%2047.png",Available in JP,,18 de diciembre de 2025,18 de diciembre de 2025,Available in JP,⭐️⭐️⭐️⭐️⭐️,Available in JP,,18 de diciembre de 2025,Orsterra,378,428,227,277,251,301,,,,Never,3132,3952,Power,18 de diciembre de 2025,B | 9.6-9.5,"9,5",レイメ,Warrior,Memoir,Tourney,Available in JP,,18 de diciembre de 2025,454,519,328,393,336,406,305,340,"Dark, Sword"
Mabel,No,"Character%20List/Fan%2030.png, Character%20List/Lightning_Thunder%2035.png",Available in GL,16 de enero de 2025,12 de octubre de 2023,,Unavailable,⭐️⭐️⭐️⭐️,Available in GL,,29 de agosto de 2024,Orsterra,272,307,377,442,342,392,27 de julio de 2022,,,Yes,2770,3590,Power,28 de octubre de 2020,D | 9.2-9.1,"9,2",メイベル,Dancer,Sheperd's Rock,Chance Encounters,Available in GL,30 de octubre de 2025,,250,300,246,296,489,559,344,409,"Fan, Lightning"
Kazan,No,"Character%20List/Tome%2039.png, Character%20List/Fire%2061.png, Character%20List/Wind%2048.png",Available in GL,21 de mayo de 2026,19 de junio de 2025,,Unavailable,⭐️⭐️⭐️⭐️⭐️,Available in GL,21 de mayo de 2026,19 de junio de 2025,Solistia,321,371,454,519,315,365,21 de mayo de 2026,,,Never,2826,3486,Domination,19 de junio de 2025,A | 9.7,"9,7",カザン,Scholar,Memoir Logs,Memoirs of Solistia,Available in GL,21 de mayo de 2026,19 de junio de 2025,216,266,256,306,582,672,243,293,"Fire, Tome, Wind"
Paula,,"Character%20List/Fan%2031.png, Character%20List/Dark%2048.png",Available in GL,16 de enero de 2025,31 de agosto de 2023,,Unavailable,⭐️⭐️⭐️⭐️,Available in GL,,6 de junio de 2024,Orsterra,277,312,387,452,332,382,25 de octubre de 2023,,,Never,2776,3596,Power,28 de enero de 2021,F+ | 8.5,9,ポーラ,Dancer,Victors Hollow,Exchange Elite Fragments,Available in GL,30 de octubre de 2025,27 de febrero de 2025,245,295,245,295,489,559,347,412,"Dark, Fan"
Temenos EX,Unreleased in GL,"Character%20List/Fire%2062.png, Character%20List/Ice%2040.png, Character%20List/Lightning%2010.png, Character%20List/Wind%2049.png, Character%20List/Light%2053.png, Character%20List/Dark%2049.png",Available in JP,,23 de abril de 2026,23 de abril de 2026,Available in JP,⭐️⭐️⭐️⭐️⭐️,Available in JP,,23 de abril de 2026,Solistia,271,321,554,619,395,445,,,,Never,3386,4046,Domination,23 de abril de 2026,S | 9.8,"9,8",テメノスEx,Scholar,Memoir,Memoirs of Solistia,Available in JP,,23 de abril de 2026,251,301,356,406,637,727,243,293,"Dark, Fire, Ice, Light, Lightning, Wind"
Tiziano EX,Unreleased in GL,"Character%20List/Polearm%206.png, Character%20List/Dagger%2033.png, Character%20List/Wind%2050.png",Available in JP,,1 de enero de 2026,1 de enero de 2026,Available in JP,⭐️⭐️⭐️⭐️⭐️,Available in JP,,1 de enero de 2026,Orsterra,341,376,295,345,315,365,,,,Never,4030,4930,Wealth,1 de enero de 2026,S | 9.8,"9,8",ティツィアーノEx,Merchant,Memoir,Glaze Travelers (Tiziano EX & Levina EX),Available in JP,,1 de enero de 2026,484,549,348,398,362,442,285,320,"Polearm, Wind"
Avar,No,"Character%20List/Axe%2032.png, Character%20List/Sword%2053.png, Character%20List/Fire%2063.png, Character%20List/Dark%2050.png",Available in GL,4 de junio de 2026,10 de abril de 2025,19 de marzo de 2026,Available in JP,⭐️⭐️⭐️⭐️⭐️,Available in GL,4 de junio de 2026,10 de abril de 2025,Solistia,208,258,241,306,253,303,4 de junio de 2026,,,Never,3220,4040,Domination,10 de abril de 2025,A | 9.7,"9,7",アヴァル,Apothecary,Memoir Logs,Champion of Memories,Available in GL,4 de junio de 2026,10 de abril de 2025,475,525,402,452,368,438,301,351,"Axe, Dark, Fire, Sword"
Kenneth,,"Character%20List/Tome%2040.png, Character%20List/Ice%2041.png",Available in GL,16 de enero de 2025,9 de noviembre de 2023,,Unavailable,⭐️⭐️⭐️⭐️,Available in GL,,20 de junio de 2024,Orsterra,176,226,284,349,290,340,29 de noviembre de 2023,,,Never,2236,2896,Wealth,25 de diciembre de 2020,F+ | 8.5,9,ケネス,Scholar,Clearbrook,Exchange Elite Fragments,Available in GL,30 de octubre de 2025,20 de marzo de 2025,196,246,246,296,462,552,238,288,"Ice, Tome"
Brigitte,,Character%20List/Staff_Staves%2026.png,Available in GL,16 de enero de 2025,12 de octubre de 2023,,Unavailable,⭐️⭐️⭐️⭐️,Available in GL,,6 de junio de 2024,Orsterra,278,313,360,425,369,434,29 de noviembre de 2023,,,Never,2772,3512,Wealth,8 de abril de 2021,F | 8.0,"8,5",ブリジット,Cleric,Cathedral of Thytos,Exchange Elite Fragments,Available in GL,30 de octubre de 2025,19 de diciembre de 2024,256,306,274,324,410,490,331,381,Staff
Setzer,Unreleased in GL,"Character%20List/Bow%2028.png, Character%20List/Fire%2064.png, Character%20List/Wind%2051.png, Character%20List/Light%2054.png, Character%20List/Dark%2051.png",Available in JP,,25 de septiembre de 2025,,Unavailable,⭐️⭐️⭐️⭐️⭐️,Available in JP,,25 de septiembre de 2025,World of Balance (Final Fantasy VI),405,470,190,240,268,288,,,,Never,3092,3912,Opulence,25 de septiembre de 2025,S | 9.8,"9,8",セッツァー,Hunter,Memoir,Final Fantasy VI Crossover Guidance,Available in JP,,25 de septiembre de 2025,437,502,238,288,386,466,330,380,"Bow, Dark, Fire, Light, Wind"
Madelaine,,"Character%20List/Staff_Staves%2027.png, Character%20List/Lightning_Thunder%2036.png",Available in GL,16 de enero de 2025,31 de agosto de 2023,8 de enero de 2026,Available in JP,⭐️⭐️⭐️⭐️,Available in GL,,23 de mayo de 2024,Orsterra,284,319,355,420,393,458,27 de julio de 2022,,,Yes,2777,3517,Wealth,28 de octubre de 2020,F | 8.0,8,マドレーヌ,Cleric,Clearbrook,Chance Encounters,Available in GL,30 de octubre de 2025,7 de noviembre de 2024,281,331,272,322,408,488,291,341,"Lightning, Staff"
9S,No,"Character%20List/Spear_Polearm%2033.png, Character%20List/Fire%2065.png, Character%20List/Lightning_Thunder%2037.png",Available in GL,4 de septiembre de 2025,14 de marzo de 2024,,Unavailable,⭐️⭐️⭐️⭐️⭐️,Available in GL,4 de septiembre de 2025,14 de marzo de 2024,NieR Universe (NieR series),216,251,389,439,290,340,22 de marzo de 2023,"3,44",E (3.99 - 0.00),Never,3240,4140,Wealth,1 de marzo de 2022,F | 8.0,8,9S,Merchant,Memoir,NieR:Automata Crossover Guidance,Available in JP,,28 de noviembre de 2024,235,300,353,403,362,442,320,355,"Fire, Lightning, Polearm"
Mydia EX,Unreleased in GL,"Character%20List/Wind%2052.png, Character%20List/Light%2055.png, Character%20List/Dark%2052.png",Available in JP,,23 de abril de 2026,23 de abril de 2026,Available in JP,⭐️⭐️⭐️⭐️⭐️,Available in JP,,23 de abril de 2026,Solistia,307,342,522,587,342,392,,,,Never,3316,4136,Approval,23 de abril de 2026,S | 9.8,"9,8",ミディヤEx,Dancer,Memoir,Memoirs of Solistia,Available in JP,,23 de abril de 2026,260,310,295,345,554,624,412,477,"Dark, Light, Wind"
Pardis III EX,Unreleased in GL,"Character%20List/Light%2056.png, Character%20List/Ice%2042.png, Character%20List/Wind%2053.png",Available in JP,,9 de octubre de 2025,23 de octubre de 2025,Available in JP,⭐️⭐️⭐️⭐️⭐️,Available in JP,,9 de octubre de 2025,Orsterra,283,318,520,585,309,374,,,,Never,2812,3552,Power,9 de octubre de 2025,S+ | 9.9,"9,9",パーディス三世の詳細,Cleric,Memoir,Sacred Hearts,Available in JP,,9 de octubre de 2025,196,246,262,312,530,610,326,376,Light
Ramona,,"Character%20List/Staff_Staves%2028.png, Character%20List/Ice%2043.png",Available in GL,16 de enero de 2025,6 de julio de 2023,,Unavailable,⭐️⭐️⭐️⭐️,Available in GL,,4 de julio de 2024,Orsterra,253,288,367,432,380,445,27 de julio de 2022,,,Yes,3132,3872,Power,28 de octubre de 2020,F+ | 8.5,9,ラモーナ,Cleric,Clearbrook,Chance Encounters,Available in GL,30 de octubre de 2025,21 de noviembre de 2024,240,290,228,278,371,451,340,390,"Ice, Staff"
Levina EX2,Unreleased in GL,"Character%20List/Dagger%2034.png, Character%20List/Lightning%2011.png, Character%20List/Wind%2054.png",Available in JP,,1 de enero de 2026,1 de enero de 2026,Available in JP,⭐️⭐️⭐️⭐️⭐️,Available in JP,,1 de enero de 2026,Orsterra,498,548,271,321,228,278,,,,Never,3252,4072,Wealth,1 de enero de 2026,S+ | 9.9,"9,9",レヴィーナEx,Thief,Memoir,Glaze Travelers (Tiziano EX & Levina EX),Available in JP,,1 de enero de 2026,458,523,255,275,502,582,490,555,"Dagger, Lightning, Wind"
Morena,No,"Character%20List/Tome%2041.png, Character%20List/Staff_Staves%2029.png, Character%20List/Wind%2055.png",Available in GL,19 de marzo de 2026,5 de diciembre de 2024,,Unavailable,⭐️⭐️⭐️⭐️⭐️,Available in GL,19 de marzo de 2026,5 de diciembre de 2024,Solistia,236,286,384,449,295,345,19 de marzo de 2026,,,Never,2886,3546,Approval,5 de diciembre de 2024,B | 9.6-9.5,"9,5",モレーナ,Scholar,Memoir Logs,Chance Encounters,Available in GL,19 de marzo de 2026,5 de diciembre de 2024,301,351,286,336,552,642,313,363,"Staff, Tome, Wind"
Cedric,,"Character%20List/Staff_Staves%2030.png, Character%20List/Fire%2066.png",Available in GL,16 de enero de 2025,9 de noviembre de 2023,,Unavailable,⭐️⭐️⭐️⭐️,Available in GL,16 de enero de 2025,22 de noviembre de 2023,Orsterra,248,283,286,351,329,394,27 de julio de 2022,,,Yes,2052,2792,Power,28 de octubre de 2020,F | 8.0,"8,5",セドリック,Cleric,Sunshade,Chance Encounters,Available in GL,30 de octubre de 2025,20 de marzo de 2025,217,267,229,279,330,410,237,287,"Fire, Staff"
Meena,,"Character%20List/Fan%2032.png, Character%20List/Light%2057.png",Available in GL,16 de enero de 2025,22 de junio de 2023,,Unavailable,⭐️⭐️⭐️⭐️,Available in GL,16 de enero de 2025,4 de enero de 2024,Orsterra,265,300,381,446,339,389,27 de julio de 2022,,,Yes,2786,3606,Fame,28 de octubre de 2020,F+ | 8.5,9,ミーナ,Dancer,Clearbrook,Chance Encounters,Available in GL,30 de octubre de 2025,,242,292,235,285,493,563,352,417,"Fan, Light"
Durand,,"Character%20List/Dagger%2035.png, Character%20List/Light%2058.png",Available in GL,20 de marzo de 2025,22 de noviembre de 2023,,Unavailable,⭐️⭐️⭐️⭐️,Available in GL,,12 de septiembre de 2024,Orsterra,348,398,246,296,248,298,13 de diciembre de 2023,,,Never,2787,3607,Fame,26 de noviembre de 2020,F+ | 8.5,9,デュラン,Thief,Rippletide,Exchange Elite Fragments,Available in GL,30 de octubre de 2025,30 de enero de 2025,368,433,280,300,322,402,405,470,"Dagger, Light"
Terra,Unreleased in GL,"Character%20List/Tome%2042.png, Character%20List/Fire%2067.png, Character%20List/Ice%2044.png, Character%20List/Lightning%2012.png, Character%20List/Wind%2056.png, Character%20List/Light%2059.png, Character%20List/Dark%2053.png",Available in JP,11 de junio de 2026,28 de agosto de 2025,,Unavailable,⭐️⭐️⭐️⭐️⭐️,Available in JP,11 de junio de 2026,28 de agosto de 2025,World of Balance (Final Fantasy VI),311,361,464,529,325,375,11 de junio de 2026,,,Never,2846,3506,Power,28 de agosto de 2025,A | 9.7,"9,7",ティナ,Scholar,Memoir,Final Fantasy VI Crossover Guidance,Available in JP,11 de junio de 2026,28 de agosto de 2025,196,246,251,301,602,692,263,313,"Dark, Fire, Ice, Light, Lightning, Tome, Wind"
Jorn,,"Character%20List/Sword%2054.png, Character%20List/Dark%2054.png",Available in GL,16 de enero de 2025,22 de junio de 2023,,Unavailable,⭐️⭐️⭐️⭐️,Available in GL,,9 de mayo de 2024,Orsterra,341,391,220,270,236,286,13 de diciembre de 2023,,,Never,3207,4027,Wealth,25 de febrero de 2021,F+ | 8.5,9,ヨルン,Warrior,Donescu,Exchange Elite Fragments,Available in GL,30 de octubre de 2025,,420,485,333,398,291,361,280,315,"Dark, Sword"
Esmeralda,No,Character%20List/Dagger%2036.png,Available in GL,2 de abril de 2026,5 de junio de 2025,19 de marzo de 2026,Available in JP,⭐️⭐️⭐️⭐️⭐️,Available in GL,2 de abril de 2026,5 de junio de 2025,Orsterra,308,358,236,286,243,293,2 de abril de 2026,,,Never,2912,3732,Power,5 de junio de 2025,B | 9.6-9.5,"9,6",エスメラルダ,Thief,Memoir,Champion of Memories,Available in GL,2 de abril de 2026,5 de junio de 2025,423,488,275,295,352,432,480,545,Dagger
Stia,Unreleased in GL,"Character%20List/Axe%2033.png, Character%20List/Staff%208.png, Character%20List/Tome%2043.png, Character%20List/Wind%2057.png",Available in JP,,22 de enero de 2026,22 de enero de 2026,Available in JP,⭐️⭐️⭐️⭐️⭐️,Available in JP,,22 de enero de 2026,Orsterra,333,383,311,376,298,348,,,,Never,3720,4540,Fame,22 de enero de 2026,A | 9.7,"9,7",,Apothecary,Memoir,Traveler of Memories,Available in JP,,22 de enero de 2026,485,535,417,467,408,478,291,341,"Axe, Staff, Tome, Wind"
Cornelia,,"Character%20List/Axe%2034.png, Character%20List/Lightning_Thunder%2038.png",Available in GL,16 de enero de 2025,28 de septiembre de 2023,20 de noviembre de 2025,Available in JP,⭐️⭐️⭐️⭐️,Available in GL,,12 de septiembre de 2024,Orsterra,223,273,301,366,233,283,17 de enero de 2024,,,Never,3210,4030,Power,11 de diciembre de 2020,F | 8.0,8,コルネリア,Apothecary,Flamesgrace,Exchange Elite Fragments,Available in GL,30 de octubre de 2025,24 de octubre de 2024,335,385,382,432,403,473,286,336,"Axe, Lightning"
Elrica EX2,Unreleased in GL,"Character%20List/Fan%2033.png, Character%20List/Sword%2055.png, Character%20List/Light%2060.png, Character%20List/Lightning%2013.png",Available in JP,,9 de octubre de 2025,23 de octubre de 2025,Available in JP,⭐️⭐️⭐️⭐️⭐️,Available in JP,,9 de octubre de 2025,Orsterra,307,342,572,637,272,322,,,,Never,2796,3616,Power,9 de octubre de 2025,S | 9.8,"9,8",エリカの詳細,Dancer,Memoir,Sacred Hearts,Available in JP,,9 de octubre de 2025,270,320,210,260,534,604,282,347,"Light, Lightning, Sword"
Pia,,"Character%20List/Spear_Polearm%2034.png, Character%20List/Light%2061.png",Available in GL,16 de enero de 2025,4 de agosto de 2023,,Unavailable,⭐️⭐️⭐️⭐️,Available in GL,16 de enero de 2025,9 de noviembre de 2023,Orsterra,241,276,280,330,280,330,27 de julio de 2022,,,Yes,3450,4350,Fame,28 de octubre de 2020,F | 8.0,"8,5",ピア,Merchant,Sunshade,Chance Encounters,Available in GL,30 de octubre de 2025,16 de enero de 2025,349,414,348,398,341,421,225,260,"Light, Polearm"
Alaune EX2,Unreleased in GL,"Character%20List/Sword%2056.png, Character%20List/Fire%2068.png, Character%20List/Ice%2045.png, Character%20List/Lightning%2014.png, Character%20List/Wind%2058.png, Character%20List/Light%2062.png, Character%20List/Dark%2055.png",Available in JP,,23 de octubre de 2025,23 de octubre de 2025,Available in JP,⭐️⭐️⭐️⭐️⭐️,Available in JP,,23 de octubre de 2025,Orsterra,378,428,512,562,321,371,,,,Never,3442,4262,Power,23 de octubre de 2025,S+ | 9.9,"9,9",剣士アラウネ,Warrior,Memoir,Traveler of Memories,Available in JP,,23 de octubre de 2025,354,419,368,433,426,496,235,270,"Dark, Fire, Ice, Light, Lightning, Sword, Wind"
Final Emperor,Unreleased in GL,"Character%20List/Sword%2057.png, Character%20List/Polearm%207.png, Character%20List/Dagger%2037.png, Character%20List/Axe%2035.png, Character%20List/Bow%2029.png, Character%20List/Staff%209.png, Character%20List/Fire%2069.png, Character%20List/Ice%2046.png, Character%20List/Lightning%2015.png, Character%20List/Light%2063.png, Character%20List/Dark%2056.png",Available in JP,,5 de febrero de 2026,5 de febrero de 2026,Available in JP,⭐️⭐️⭐️⭐️⭐️,Available in JP,,5 de febrero de 2026,Empire of Avalon (Romancing SaGa 2),323,373,267,317,301,351,,,,Never,3782,4602,Power,5 de febrero de 2026,S++ | 10.0,10,最終皇帝(男),Warrior,Memoir,Romancing SaGa 2 Crossover Guidance,Available in JP,,5 de febrero de 2026,554,619,388,453,346,416,320,355,"Axe, Bow, Dagger, Dark, Fire, Ice, Light, Lightning, Polearm, Staff, Sword"
Barrad,,"Character%20List/Spear_Polearm%2035.png, Character%20List/Fire%2070.png",Available in GL,16 de enero de 2025,6 de julio de 2023,,Unavailable,⭐️⭐️⭐️⭐️,Available in GL,16 de enero de 2025,28 de marzo de 2024,Orsterra,246,281,285,335,275,325,27 de julio de 2022,,,Yes,3470,4370,Power,28 de octubre de 2020,F | 8.0,"8,5",バラッド,Merchant,Rippletide,Chance Encounters,Available in GL,30 de octubre de 2025,27 de febrero de 2025,366,431,348,398,322,402,220,255,"Fire, Polearm"
Levan,,"Character%20List/Tome%2044.png, Character%20List/Light%2064.png",Available in GL,16 de enero de 2025,31 de agosto de 2023,,Unavailable,⭐️⭐️⭐️⭐️,Available in GL,,26 de septiembre de 2024,Orsterra,241,291,344,409,355,405,17 de enero de 2024,,,Never,2866,3526,Wealth,10 de febrero de 2021,F | 8.0,"8,5",レヴァン,Scholar,Victors Hollow,Exchange Elite Fragments,Available in GL,30 de octubre de 2025,5 de diciembre de 2024,246,296,286,336,547,637,281,331,"Light, Tome"
Narr,,"Character%20List/Bow%2030.png, Character%20List/Dark%2057.png",Available in GL,16 de enero de 2025,28 de septiembre de 2023,,Unavailable,⭐️⭐️⭐️⭐️,Available in GL,,4 de julio de 2024,Orsterra,246,311,390,440,444,464,14 de febrero de 2024,,,Never,2692,3512,Wealth,12 de noviembre de 2021,F | 8.0,8,ナール,Hunter,Valore,Exchange Elite Fragments,Available in GL,30 de octubre de 2025,,251,316,282,332,422,502,296,346,"Bow, Dark"
Lolo,,"Character%20List/Bow%2031.png, Character%20List/Staff_Staves%2031.png, Character%20List/Light%2065.png",Available in GL,16 de enero de 2025,14 de septiembre de 2023,,Unavailable,⭐️⭐️⭐️⭐️,Available in GL,,29 de agosto de 2024,Orsterra,375,440,230,280,248,268,14 de febrero de 2024,,,Never,3032,3852,Fame,25 de marzo de 2021,F | 8.0,"8,5",ロロ,Hunter,Cathedral of Thytos,Exchange Elite Fragments,Available in GL,30 de octubre de 2025,,352,417,228,278,381,461,365,415,"Bow, Light, Staff"
Mahrez,No,"Character%20List/Sword%2058.png, Character%20List/Polearm%208.png, Character%20List/Dagger%2038.png, Character%20List/Axe%2036.png, Character%20List/Bow%2032.png, Character%20List/Staff%2010.png, Character%20List/Tome%2045.png, Character%20List/Fan%2034.png, Character%20List/Lightning%2016.png, Character%20List/Light%2066.png",Available in GL,16 de abril de 2026,29 de mayo de 2025,,Unavailable,⭐️⭐️⭐️⭐️⭐️,Available in GL,16 de abril de 2026,29 de mayo de 2025,Orsterra,248,298,227,277,271,321,16 de abril de 2026,,,Never,3260,4080,Power,29 de mayo de 2025,B | 9.6-9.5,"9,6",マフレズ,Warrior,Memoir,Traveler of Memories,Available in GL,16 de abril de 2026,29 de mayo de 2025,474,539,338,403,306,376,315,350,"Axe, Bow, Dagger, Fan, Light, Lightning, Polearm, Staff, Sword, Tome"
Saoirse,Unreleased in GL,"Character%20List/Fan%2035.png, Character%20List/Wind%2059.png",Available in JP,,7 de mayo de 2026,7 de mayo de 2026,Available in JP,⭐️⭐️⭐️⭐️⭐️,Available in JP,,7 de mayo de 2026,Orsterra,277,312,477,542,362,412,,,,Never,3266,4086,Fame,7 de mayo de 2026,A | 9.7,"9,7",シアーシャ,Dancer,Memoir,Traveler of Memories,Available in JP,,7 de mayo de 2026,270,320,305,355,564,634,447,512,"Fan, Wind"
Menno,,"Character%20List/Staff_Staves%2032.png, Character%20List/Wind%2060.png",Available in GL,16 de enero de 2025,22 de noviembre de 2023,,Unavailable,⭐️⭐️⭐️⭐️,Available in GL,,18 de julio de 2024,Orsterra,243,278,284,349,332,397,27 de julio de 2022,,,Yes,2046,2786,Fame,28 de octubre de 2020,F | 8.0,"8,5",メノ,Cleric,Rippletide,Chance Encounters,Available in GL,30 de octubre de 2025,,213,263,237,287,326,406,239,289,"Staff, Wind"
Final Empress,Unreleased in GL,"Character%20List/Tome%2046.png, Character%20List/Fire%2071.png, Character%20List/Wind%2061.png, Character%20List/Light%2067.png",Available in JP,,5 de febrero de 2026,5 de febrero de 2026,Available in JP,⭐️⭐️⭐️⭐️⭐️,Available in JP,,5 de febrero de 2026,Empire of Avalon (Romancing SaGa 2),251,301,554,619,385,435,,,,Never,3276,3936,Power,5 de febrero de 2026,S++ | 10.0,10,最終皇帝(女),Scholar,Memoir,Romancing SaGa 2 Crossover Guidance,Available in JP,,5 de febrero de 2026,251,301,336,386,662,752,293,343,"Fire, Light, Tome, Wind"
A2,No,"Character%20List/Dagger%2039.png, Character%20List/Sword%2059.png, Character%20List/Axe%2037.png",Available in GL,4 de septiembre de 2025,14 de marzo de 2024,,Unavailable,⭐️⭐️⭐️⭐️⭐️,Available in GL,4 de septiembre de 2025,14 de marzo de 2024,NieR Universe (NieR series),368,418,80,130,248,298,22 de marzo de 2023,"5,89",C (5.99 - 5.00),Never,3012,3832,Power,1 de marzo de 2022,D | 9.2-9.1,"9,2",A2,Thief,Memoir,NieR:Automata Crossover Guidance,Available in JP,,28 de noviembre de 2024,454,519,305,325,332,412,450,515,"Axe, Dagger, Sword"
Viola EX2,Unreleased in GL,"Character%20List/Sword%2060.png, Character%20List/Polearm%209.png, Character%20List/Dagger%2040.png, Character%20List/Axe%2038.png, Character%20List/Bow%2033.png, Character%20List/Staff%2011.png, Character%20List/Tome%2047.png, Character%20List/Fan%2036.png",Available in JP,,21 de mayo de 2026,21 de mayo de 2026,Available in JP,⭐️⭐️⭐️⭐️⭐️,Available in JP,,21 de mayo de 2026,Orsterra,308,358,297,347,326,376,,,,Never,3622,4442,Wealth,21 de mayo de 2026,S++ | 10.0,10,ヴィオラEx2,Warrior,Memoir,Traveler of Memories,Available in JP,,21 de mayo de 2026,544,609,413,478,396,466,265,300,"Axe, Bow, Dagger, Fan, Polearm, Staff, Sword, Tome"
Carroll,,"Character%20List/Spear_Polearm%2036.png, Character%20List/Wind%2062.png",Available in GL,16 de enero de 2025,17 de agosto de 2023,,Unavailable,⭐️⭐️⭐️,Available in GL,,6 de junio de 2024,Orsterra,251,286,290,340,300,350,27 de julio de 2022,,,Yes,3450,4350,Power,28 de octubre de 2020,H | <7.0,"7,5",キャロル,Merchant,Rippletide,Chance Encounters,Available in GL,30 de octubre de 2025,5 de diciembre de 2024,349,414,343,393,327,407,225,260,"Polearm, Wind"
Phenn,Unreleased in GL,Character%20List/Bow%2034.png,Unavailable,,,,Unavailable,⭐️⭐️⭐️⭐️⭐️,Unavailable,,,Orsterra,-65,,-50,,-20,,,,,Never,-820,,Power,,,,,Hunter,Memoir,Traveler of Memories,Unavailable,,,-65,,-50,,-80,,-50,,"Axe, Bow"
Shelby,,"Character%20List/Axe%2039.png, Character%20List/Ice%2047.png",Available in GL,16 de enero de 2025,26 de octubre de 2023,,Unavailable,⭐️⭐️⭐️⭐️,Available in GL,,29 de agosto de 2024,Orsterra,228,278,301,366,233,283,27 de julio de 2022,,,Yes,3220,4040,Wealth,28 de octubre de 2020,F+ | 8.5,9,シェルビー,Apothecary,Emberglow,Chance Encounters,Available in GL,30 de octubre de 2025,16 de enero de 2025,340,390,387,437,388,458,281,331,"Axe, Ice"
Juan,,"Character%20List/Spear_Polearm%2037.png, Character%20List/Dark%2058.png",Available in GL,16 de enero de 2025,31 de agosto de 2023,,Unavailable,⭐️⭐️⭐️,Available in GL,,23 de mayo de 2024,Orsterra,251,286,280,330,280,330,27 de julio de 2022,,,Yes,3470,4370,Fame,28 de octubre de 2020,H | <7.0,"7,5",フアン,Merchant,Sheperd's Rock,Chance Encounters,Available in GL,30 de octubre de 2025,16 de enero de 2025,359,424,363,413,317,397,225,260,"Dark, Polearm"
Peredir,,"Character%20List/Tome%2048.png, Character%20List/Fire%2072.png",Available in GL,16 de enero de 2025,17 de agosto de 2023,23 de octubre de 2025,Available in JP,⭐️⭐️⭐️⭐️,Available in GL,16 de enero de 2025,18 de enero de 2024,Orsterra,231,281,357,422,330,380,27 de julio de 2022,,,Yes,2886,3546,Fame,28 de octubre de 2020,F | 8.0,8,ペレディール,Scholar,Valore,Chance Encounters,Available in GL,30 de octubre de 2025,24 de octubre de 2024,241,291,305,355,557,647,278,328,"Fire, Ice, Tome"
Richard EX,Unreleased in GL,"Character%20List/Sword%2061.png, Character%20List/Polearm%2010.png, Character%20List/Dagger%2041.png, Character%20List/Axe%2040.png, Character%20List/Bow%2035.png, Character%20List/Staff%2012.png, Character%20List/Tome%2049.png, Character%20List/Fan%2037.png",Available in JP,,23 de octubre de 2025,23 de octubre de 2025,Available in JP,⭐️⭐️⭐️⭐️⭐️,Available in JP,,23 de octubre de 2025,Orsterra,416,451,245,295,310,360,,,,Never,3750,4650,Fame,23 de octubre de 2025,S+ | 9.9,"9,9",商人リシャール,Merchant,Memoir,Traveler of Memories,Available in JP,,23 de octubre de 2025,549,614,398,448,392,472,225,260,"Axe, Bow, Dagger, Fan, Polearm, Staff, Sword, Tome"
Nanna,,"Character%20List/Sword%2062.png, Character%20List/Dark%2059.png",Available in GL,16 de enero de 2025,22 de junio de 2023,23 de octubre de 2025,Available in JP,⭐️⭐️⭐️,Available in GL,16 de enero de 2025,12 de octubre de 2023,Orsterra,323,373,257,307,266,316,27 de julio de 2022,,,Yes,3202,4022,Power,28 de octubre de 2020,G | 7.5-7.0,8,ナンナ,Warrior,Sunshade,Chance Encounters,Available in GL,30 de octubre de 2025,24 de octubre de 2024,389,454,333,398,291,361,285,320,"Dark, Sword"
Vivian,,"Character%20List/Bow%2036.png, Character%20List/Light%2068.png",Available in GL,16 de enero de 2025,6 de julio de 2023,,Unavailable,⭐️⭐️⭐️,Available in GL,16 de enero de 2025,11 de abril de 2024,Orsterra,385,450,250,300,273,293,27 de julio de 2022,,,Yes,3042,3862,Power,28 de octubre de 2020,H | <7.0,"7,5",ビビアン,Hunter,Valore,Chance Encounters,Available in GL,30 de octubre de 2025,21 de noviembre de 2024,357,422,223,273,391,471,340,390,"Bow, Light"
Guti,,"Character%20List/Bow%2037.png, Character%20List/Wind%2063.png",Available in GL,16 de enero de 2025,31 de agosto de 2023,,Unavailable,⭐️⭐️⭐️,Available in GL,,15 de agosto de 2024,Orsterra,385,450,240,290,263,283,27 de julio de 2022,,,Yes,3062,3882,Fame,28 de octubre de 2020,H | <7.0,"7,5",グティ,Hunter,Emberglow,Chance Encounters,Available in GL,30 de octubre de 2025,5 de diciembre de 2024,367,432,243,293,371,451,340,390,"Bow, Wind"
Bertrand,,"Character%20List/Bow%2038.png, Character%20List/Lightning_Thunder%2039.png",Available in GL,16 de enero de 2025,12 de octubre de 2023,,Unavailable,⭐️⭐️⭐️⭐️,Available in GL,,12 de septiembre de 2024,Orsterra,378,443,257,307,261,281,27 de julio de 2022,,,Yes,3052,3872,Wealth,28 de octubre de 2020,F | 8.0,"8,5",ベルトラン,Hunter,Cragspear,Chance Encounters,Available in GL,30 de octubre de 2025,19 de diciembre de 2024,364,429,218,268,383,463,335,385,"Bow, Lightning"
Rocbouquet,Unreleased in GL,"Character%20List/Fan%2038.png, Character%20List/Lightning%2017.png, Character%20List/Wind%2064.png, Character%20List/Dark%2060.png",Available in JP,,19 de febrero de 2026,19 de febrero de 2026,Available in JP,⭐️⭐️⭐️⭐️⭐️,Available in JP,,19 de febrero de 2026,Empire of Avalon (Romancing SaGa 2),287,322,572,637,402,452,,,,Never,3266,4086,Power,19 de febrero de 2026,S++ | 10.0,10,七英雄ロックブーケ,Dancer,Memoir,Romancing SaGa 2 Crossover Guidance,Available in JP,,19 de febrero de 2026,270,320,320,370,544,614,312,377,"Dark, Fan, Lightning, Wind"
Conny,,"Character%20List/Spear_Polearm%2038.png, Character%20List/Lightning_Thunder%2040.png",Available in GL,16 de enero de 2025,22 de junio de 2023,20 de noviembre de 2025,Available in JP,⭐️⭐️⭐️,Available in GL,16 de enero de 2025,12 de octubre de 2023,Orsterra,251,286,288,338,285,335,27 de julio de 2022,,,Yes,3460,4360,Wealth,28 de octubre de 2020,G | 7.5-7.0,8,コニー,Merchant,Rippletide,Chance Encounters,Available in GL,30 de octubre de 2025,,351,416,348,398,322,402,235,270,"Lightning, Polearm"
Sigrid,No,"Character%20List/Sword%2063.png, Character%20List/Lightning_Thunder%2041.png",Available in GL,16 de enero de 2025,22 de junio de 2023,,Unavailable,⭐️⭐️⭐️⭐️,Available in GL,16 de enero de 2025,7 de diciembre de 2023,Orsterra,323,373,247,297,240,290,27 de julio de 2022,,,Yes,3210,4030,Power,28 de octubre de 2020,F | 8.0,8,ジークリット,Warrior,Sheperd's Rock,Chance Encounters,Available in GL,30 de octubre de 2025,5 de diciembre de 2024,394,459,330,395,296,366,296,331,"Lightning, Sword"
Saria,,"Character%20List/Axe%2041.png, Character%20List/Ice%2048.png",Available in GL,16 de enero de 2025,4 de agosto de 2023,,Unavailable,⭐️⭐️⭐️,Available in GL,16 de enero de 2025,7 de diciembre de 2023,Orsterra,238,288,306,371,233,283,27 de julio de 2022,,,Yes,3210,4030,Power,28 de octubre de 2020,H | <7.0,7,サーリア,Apothecary,Sheperd's Rock,Chance Encounters,Available in GL,30 de octubre de 2025,30 de enero de 2025,340,390,387,437,393,463,281,331,"Axe, Ice"
Trish,,"Character%20List/Sword%2064.png, Character%20List/Wind%2065.png",Available in GL,16 de enero de 2025,28 de septiembre de 2023,,Unavailable,⭐️⭐️⭐️⭐️,Available in GL,16 de enero de 2025,28 de marzo de 2024,Orsterra,314,364,269,319,256,306,27 de julio de 2022,,,Yes,3195,4015,Wealth,28 de octubre de 2020,F | 8.0,8,トリッシュ,Warrior,Rippletide,Chance Encounters,Available in GL,30 de octubre de 2025,27 de febrero de 2025,386,451,333,398,292,362,282,317,"Sword, Wind"
Penny,No,"Character%20List/Axe%2042.png, Character%20List/Lightning_Thunder%2042.png",Available in GL,16 de enero de 2025,31 de agosto de 2023,5 de febrero de 2026,Available in JP,⭐️⭐️⭐️,Available in GL,16 de enero de 2025,14 de febrero de 2024,Orsterra,228,278,301,366,238,288,27 de julio de 2022,,,Yes,3220,4040,Wealth,28 de octubre de 2020,H | <7.0,"7,5",ペニー,Apothecary,Clearbrook,Chance Encounters,Available in GL,30 de octubre de 2025,19 de diciembre de 2024,345,395,392,442,388,458,281,331,"Axe, Lightning"
Menny,No,"Character%20List/Sword%2065.png, Character%20List/Light%2069.png",Available in GL,16 de enero de 2025,6 de julio de 2023,5 de febrero de 2026,Available in JP,⭐️⭐️⭐️,Available in GL,16 de enero de 2025,18 de enero de 2024,Orsterra,323,373,252,302,251,301,27 de julio de 2022,,,Yes,2212,3032,Wealth,28 de octubre de 2020,G | 7.5-7.0,8,メニー,Warrior,Sheperd's Rock,Chance Encounters,Available in GL,30 de octubre de 2025,21 de noviembre de 2024,394,459,338,403,286,356,295,330,"Light, Sword"
Yugo,,"Character%20List/Sword%2066.png, Character%20List/Ice%2049.png",Available in GL,16 de enero de 2025,20 de julio de 2023,,Unavailable,⭐️⭐️⭐️,Available in GL,16 de enero de 2025,29 de febrero de 2024,Orsterra,323,373,247,297,246,296,27 de julio de 2022,,,Yes,3222,4042,Fame,28 de octubre de 2020,H | <7.0,"7,5",ウーゴ,Warrior,Clearbrook,Chance Encounters,Available in GL,30 de octubre de 2025,30 de enero de 2025,399,464,353,418,281,351,285,320,"Ice, Sword"
Telly,,"Character%20List/Staff_Staves%2033.png, Character%20List/Ice%2050.png",Available in GL,16 de enero de 2025,6 de julio de 2023,,Unavailable,⭐️⭐️⭐️,Available in GL,16 de enero de 2025,4 de enero de 2024,Orsterra,283,318,350,415,399,464,27 de julio de 2022,,,Yes,2772,3512,Wealth,28 de octubre de 2020,H | <7.0,"7,5",テリー,Cleric,Emberglow,Chance Encounters,Available in GL,30 de octubre de 2025,5 de diciembre de 2024,271,321,282,332,420,500,296,346,"Ice, Staff"
Ashlan,,"Character%20List/Bow%2039.png, Character%20List/Dark%2061.png",Available in GL,16 de enero de 2025,6 de julio de 2023,,Unavailable,⭐️⭐️⭐️⭐️,Available in GL,16 de enero de 2025,26 de octubre de 2023,Orsterra,367,432,235,285,263,283,27 de julio de 2022,,,Yes,3085,3905,Fame,28 de octubre de 2020,F | 8.0,"8,5",アシラン,Hunter,Sheperd's Rock,Chance Encounters,Available in GL,30 de octubre de 2025,7 de noviembre de 2024,357,422,221,271,372,452,362,412,"Bow, Dark"
Rita,,"Character%20List/Axe%2043.png, Character%20List/Wind%2066.png",Available in GL,16 de enero de 2025,14 de septiembre de 2023,,Unavailable,⭐️⭐️⭐️⭐️,Available in GL,,29 de agosto de 2024,Orsterra,227,277,306,371,228,278,27 de julio de 2022,,,Yes,3223,4043,Power,28 de octubre de 2020,F | 8.0,8,リタ,Apothecary,Clearbrook,Chance Encounters,Available in GL,30 de octubre de 2025,8 de mayo de 2025,335,385,389,439,390,460,281,331,"Axe, Wind"
Jorge,No,"Character%20List/Axe%2044.png, Character%20List/Fire%2073.png",Available in GL,16 de enero de 2025,17 de agosto de 2023,26 de febrero de 2026,Available in JP,⭐️⭐️⭐️,Available in GL,,1 de agosto de 2024,Orsterra,228,278,296,361,223,273,27 de julio de 2022,,,Yes,3250,4070,Fame,28 de octubre de 2020,H | <7.0,7,ホルヘ,Apothecary,Sunshade,Chance Encounters,Available in GL,30 de octubre de 2025,21 de noviembre de 2024,350,400,397,447,383,453,281,331,"Axe, Fire"
Manuel,,"Character%20List/Fan%2039.png, Character%20List/Wind%2067.png",Available in GL,16 de enero de 2025,17 de agosto de 2023,,Unavailable,⭐️⭐️⭐️,Available in GL,,20 de junio de 2024,Orsterra,237,272,312,377,287,337,27 de julio de 2022,,,Yes,1986,2806,Fame,28 de octubre de 2020,H | <7.0,"7,5",マヌエル,Dancer,Valore,Chance Encounters,Available in GL,30 de octubre de 2025,6 de enero de 2025,210,260,200,250,409,479,277,342,"Fan, Wind"
Evelyn,,"Character%20List/Fan%2040.png, Character%20List/Dark%2062.png",Available in GL,16 de enero de 2025,4 de agosto de 2023,,Unavailable,⭐️⭐️⭐️,Available in GL,,25 de abril de 2024,Orsterra,272,307,387,452,347,397,27 de julio de 2022,,,Yes,2766,3586,Power,28 de octubre de 2020,G | 7.5-7.0,8,イヴリン,Dancer,Cragspear,Chance Encounters,Available in GL,30 de octubre de 2025,19 de diciembre de 2024,250,300,240,290,489,559,352,417,"Dark, Fan"
Billy,No,"Character%20List/Dagger%2042.png, Character%20List/Light%2070.png",Available in GL,16 de enero de 2025,20 de julio de 2023,,Unavailable,⭐️⭐️⭐️,Available in GL,16 de enero de 2025,26 de octubre de 2023,Orsterra,348,398,251,301,258,308,27 de julio de 2022,,,Yes,2892,3712,Wealth,28 de octubre de 2020,D | 9.2-9.1,"9,2",ビリー,Thief,Cragspear,Chance Encounters,Available in GL,30 de octubre de 2025,16 de enero de 2025,358,423,285,305,322,402,410,475,"Dagger, Light"
Pearl,,"Character%20List/Staff_Staves%2034.png, Character%20List/Fire%2074.png",Available in GL,16 de enero de 2025,31 de agosto de 2023,,Unavailable,⭐️⭐️⭐️,Available in GL,16 de enero de 2025,14 de marzo de 2024,Orsterra,283,318,355,420,404,469,27 de julio de 2022,,,Yes,2762,3502,Power,28 de octubre de 2020,H | <7.0,"7,5",パール,Cleric,Clearbrook,Chance Encounters,Available in GL,30 de octubre de 2025,6 de enero de 2025,266,316,277,327,415,495,306,356,"Fire, Staff"
Merrit,,"Character%20List/Axe%2045.png, Character%20List/Light%2071.png",Available in GL,16 de enero de 2025,6 de julio de 2023,,Unavailable,⭐️⭐️⭐️⭐️,Available in GL,16 de enero de 2025,14 de febrero de 2024,Orsterra,223,273,310,375,228,278,27 de julio de 2022,,,Yes,3210,4030,Wealth,28 de octubre de 2020,F | 8.0,"8,5",メレット,Apothecary,Sheperd's Rock,Chance Encounters,Available in GL,30 de octubre de 2025,27 de marzo de 2025,338,388,382,432,403,473,276,326,"Axe, Light"
José,,"Character%20List/Staff_Staves%2035.png, Character%20List/Light%2072.png",Available in GL,16 de enero de 2025,22 de junio de 2023,,Unavailable,⭐️⭐️⭐️,Available in GL,16 de enero de 2025,31 de enero de 2024,Orsterra,283,318,345,410,394,459,27 de julio de 2022,,,Yes,2782,3522,Fame,28 de octubre de 2020,G | 7.5-7.0,8,ホセ,Cleric,Cragspear,Chance Encounters,Available in GL,30 de octubre de 2025,,276,326,297,347,405,485,296,346,"Light, Staff"
Eunice,,"Character%20List/Tome%2050.png, Character%20List/Light%2073.png",Available in GL,16 de enero de 2025,31 de agosto de 2023,8 de enero de 2026,Available in JP,⭐️⭐️⭐️,Available in GL,,4 de julio de 2024,Orsterra,236,286,369,434,340,390,27 de julio de 2022,,,Yes,2886,3546,Power,28 de octubre de 2020,G | 7.5-7.0,8,ユニス,Scholar,Theatropolis,Chance Encounters,Available in GL,30 de octubre de 2025,,246,296,291,341,557,647,283,333,"Light, Tome"
Tithi,No,"Character%20List/Fan%2041.png, Character%20List/Lightning_Thunder%2043.png",Available in GL,13 de marzo de 2025,7 de diciembre de 2023,,Unavailable,⭐️⭐️⭐️⭐️⭐️,Available in GL,13 de marzo de 2025,7 de diciembre de 2023,Orsterra,239,274,417,482,337,387,5 de abril de 2023,"5,6",C (5.99 - 5.00),Never,2776,3596,Fame,1 de diciembre de 2021,D | 9.2-9.1,"9,1",ティティ,Dancer,Sufrataljah,Sacred Blaze Guidance,Available in JP,,27 de febrero de 2025,230,280,227,277,494,564,412,477,"Fan, Lightning"
Felline,,"Character%20List/Dagger%2043.png, Character%20List/Lightning_Thunder%2044.png",Available in GL,16 de enero de 2025,17 de agosto de 2023,,Unavailable,⭐️⭐️⭐️,Available in GL,16 de enero de 2025,28 de marzo de 2024,Orsterra,338,388,256,306,273,323,27 de julio de 2022,,,Yes,2882,3702,Power,28 de octubre de 2020,G | 7.5-7.0,8,フェリーネ,Thief,Emberglow,Chance Encounters,Available in GL,30 de octubre de 2025,6 de enero de 2025,363,428,280,300,327,407,410,475,"Dagger, Lightning"
Lucetta,No,"Character%20List/Bow%2040.png, Character%20List/Ice%2051.png",Available in GL,16 de enero de 2025,20 de julio de 2023,,Unavailable,⭐️⭐️⭐️⭐️,Available in GL,,25 de abril de 2024,Orsterra,387,452,238,288,258,278,27 de julio de 2022,,,Yes,3035,3855,Power,28 de octubre de 2020,D | 9.2-9.1,"9,1",ルーセッタ,Hunter,Valore,Chance Encounters,Available in GL,30 de octubre de 2025,20 de marzo de 2025,357,422,223,273,391,471,354,404,"Bow, Ice"
Harry,,"Character%20List/Fan%2042.png, Character%20List/Fire%2075.png",Available in GL,16 de enero de 2025,22 de junio de 2023,,Unavailable,⭐️⭐️⭐️,Available in GL,16 de enero de 2025,21 de diciembre de 2023,Orsterra,282,317,382,447,342,392,27 de julio de 2022,,,Yes,2776,3596,Wealth,28 de octubre de 2020,H | <7.0,7,ハリー,Dancer,Sunshade,Chance Encounters,Available in GL,30 de octubre de 2025,7 de noviembre de 2024,255,305,245,295,484,554,342,407,"Fan, Fire"
Rodion,,"Character%20List/Axe%2046.png, Character%20List/Dark%2063.png",Available in GL,16 de enero de 2025,4 de agosto de 2023,,Unavailable,⭐️⭐️⭐️⭐️,Available in GL,16 de enero de 2025,11 de abril de 2024,Orsterra,221,271,294,359,218,268,27 de julio de 2022,,,Yes,3245,4065,Fame,28 de octubre de 2020,F | 8.0,8,ロディオン,Apothecary,Emberglow,Chance Encounters,Available in GL,30 de octubre de 2025,6 de enero de 2025,355,405,392,442,383,453,274,324,"Axe, Dark"
Diego,,"Character%20List/Dagger%2044.png, Character%20List/Fire%2076.png",Available in GL,16 de enero de 2025,4 de agosto de 2023,8 de enero de 2026,Available in JP,⭐️⭐️⭐️,Available in GL,,9 de mayo de 2024,Orsterra,338,388,246,296,253,303,27 de julio de 2022,,,Yes,2902,3722,Fame,28 de octubre de 2020,H | <7.0,"7,5",ディエゴ,Thief,Theatropolis,Chance Encounters,Available in GL,30 de octubre de 2025,,363,428,300,320,317,397,410,475,"Dagger, Fire"
Julio,,"Character%20List/Tome%2051.png, Character%20List/Ice%2052.png",Available in GL,16 de enero de 2025,4 de agosto de 2023,,Unavailable,⭐️⭐️⭐️,Available in GL,,18 de julio de 2024,Orsterra,184,234,284,349,280,330,27 de julio de 2022,,,Yes,2266,2926,Fame,28 de octubre de 2020,H | <7.0,7,フリオ,Scholar,Rippletide,Chance Encounters,Available in GL,30 de octubre de 2025,19 de diciembre de 2024,206,256,251,301,457,547,233,283,"Ice, Tome"
Dorrie,,"Character%20List/Tome%2052.png, Character%20List/Dark%2064.png",Available in GL,16 de enero de 2025,6 de julio de 2023,,Unavailable,⭐️⭐️⭐️,Available in GL,16 de enero de 2025,9 de noviembre de 2023,Orsterra,236,286,354,419,335,385,27 de julio de 2022,,,Yes,2896,3556,Wealth,28 de octubre de 2020,H | <7.0,"7,5",ドリー,Scholar,Theatropolis,Chance Encounters,Available in GL,30 de octubre de 2025,30 de enero de 2025,251,301,306,356,552,642,283,333,"Dark, Tome"
Sunny,,"Character%20List/Bow%2041.png, Character%20List/Dark%2065.png",Available in GL,16 de enero de 2025,20 de julio de 2023,,Unavailable,⭐️⭐️⭐️,Available in GL,16 de enero de 2025,22 de noviembre de 2023,Orsterra,320,385,195,245,248,268,27 de julio de 2022,,,Yes,2232,3052,Wealth,28 de octubre de 2020,H | <7.0,7,サニー,Hunter,Valore,Chance Encounters,Available in GL,30 de octubre de 2025,16 de enero de 2025,307,372,176,226,296,376,290,340,"Bow, Dark"
Hayes,No,"Character%20List/Axe%2047.png, Character%20List/Fire%2077.png",Available in GL,6 de marzo de 2025,22 de noviembre de 2023,,Unavailable,⭐️⭐️⭐️⭐️⭐️,Available in GL,28 de agosto de 2025,15 de agosto de 2024,Orsterra,267,317,322,387,230,280,12 de abril de 2023,5,C (5.99 - 5.00),Yes,3170,3990,Power,25 de noviembre de 2021,F+ | 8.5,"8,5",ヘイズ,Apothecary,Cragspear,Chance Encounters,Unavailable,,,420,470,340,390,348,418,268,318,"Axe, Fire"
Fabio,,"Character%20List/Fan%2043.png, Character%20List/Wind%2068.png",Available in GL,16 de enero de 2025,9 de noviembre de 2023,,Unavailable,⭐️⭐️⭐️⭐️,Available in GL,,1 de agosto de 2024,Orsterra,272,307,376,441,342,392,27 de julio de 2022,,,Yes,2776,3596,Wealth,28 de octubre de 2020,F | 8.0,"8,5",ファビオ,Dancer,Rippletide,Chance Encounters,Available in GL,30 de octubre de 2025,24 de octubre de 2024,250,300,255,305,480,550,337,402,"Fan, Wind"
Iris,,"Character%20List/Fan%2044.png, Character%20List/Ice%2053.png",Available in GL,16 de enero de 2025,14 de septiembre de 2023,,Unavailable,⭐️⭐️⭐️⭐️,Available in GL,,15 de agosto de 2024,Orsterra,267,302,382,447,347,397,27 de julio de 2022,,,Yes,2766,3586,Fame,28 de octubre de 2020,F | 8.0,8,イリス,Dancer,Sunshade,Chance Encounters,Available in GL,30 de octubre de 2025,30 de enero de 2025,255,305,240,290,484,554,342,407,"Fan, Ice"
Camilla,,"Character%20List/Bow%2042.png, Character%20List/Fire%2078.png",Available in GL,16 de enero de 2025,26 de octubre de 2023,,Unavailable,⭐️⭐️⭐️⭐️,Available in GL,16 de enero de 2025,31 de enero de 2024,Orsterra,378,443,240,290,278,298,27 de julio de 2022,,,Yes,3072,3892,Wealth,28 de octubre de 2020,F | 8.0,8,カミラ,Hunter,Theatropolis,Chance Encounters,Available in GL,30 de octubre de 2025,30 de enero de 2025,350,415,238,288,371,451,333,383,"Bow, Fire"
Joshua,No,"Character%20List/Sword%2067.png, Character%20List/Ice%2054.png",Available in GL,6 de marzo de 2025,28 de septiembre de 2023,,Unavailable,⭐️⭐️⭐️⭐️⭐️,Available in GL,12 de junio de 2025,25 de abril de 2024,Orsterra,353,403,257,307,241,291,19 de abril de 2023,"3,4",E (3.99 - 0.00),Yes,3217,4037,Fame,23 de diciembre de 2021,F | 8.0,8,ジョシュア,Warrior,Cathedral of Thytos,Chance Encounters,Available in GL,30 de octubre de 2025,29 de mayo de 2025,374,439,298,363,291,361,360,395,"Ice, Sword"
Wingate,,"Character%20List/Dagger%2045.png, Character%20List/Dark%2066.png",Available in GL,16 de enero de 2025,26 de octubre de 2023,8 de enero de 2026,Available in JP,⭐️⭐️⭐️⭐️,Available in GL,,20 de junio de 2024,Orsterra,298,348,208,258,201,251,27 de julio de 2022,,,Yes,2062,2882,Wealth,28 de octubre de 2020,F | 8.0,"8,5",ウィンゲート,Thief,Theatropolis,Chance Encounters,Available in GL,30 de octubre de 2025,7 de noviembre de 2024,290,355,260,280,242,322,345,410,"Dagger, Dark"
Cless,,"Character%20List/Dagger%2046.png, Character%20List/Lightning_Thunder%2045.png",Available in GL,16 de enero de 2025,20 de julio de 2023,,Unavailable,⭐️⭐️⭐️⭐️,Available in GL,16 de enero de 2025,12 de octubre de 2023,Orsterra,333,383,241,291,244,294,27 de julio de 2022,,,Yes,2932,3752,Fame,28 de octubre de 2020,F | 8.0,"8,5",クレス,Thief,Emberglow,Chance Encounters,Available in GL,30 de octubre de 2025,27 de marzo de 2025,368,433,283,303,318,398,405,470,"Dagger, Lightning"
Largo,No,"Character%20List/Spear_Polearm%2039.png, Character%20List/Bow%2043.png, Character%20List/Fire%2079.png, Character%20List/Lightning_Thunder%2046.png",Available in GL,12 de junio de 2025,6 de junio de 2024,,Unavailable,⭐️⭐️⭐️⭐️⭐️,Available in GL,12 de junio de 2025,6 de junio de 2024,Orsterra,212,247,367,417,266,316,19 de abril de 2023,"3,75",E (3.99 - 0.00),Never,3260,4160,Fame,23 de diciembre de 2021,F+ | 8.5,"8,5",ラルゴ,Merchant,Atlasdam,Tourney,Unavailable,,,311,376,326,376,347,427,240,275,"Bow, Fire, Lightning, Polearm"
Aslyte,,"Character%20List/Dagger%2047.png, Character%20List/Ice%2055.png",Available in GL,16 de enero de 2025,17 de agosto de 2023,,Unavailable,⭐️⭐️⭐️⭐️,Available in GL,16 de enero de 2025,29 de febrero de 2024,Orsterra,330,380,266,316,253,303,27 de julio de 2022,,,Yes,2887,3707,Fame,28 de octubre de 2020,F | 8.0,"8,5",アズライト,Thief,Cragspear,Chance Encounters,Available in GL,30 de octubre de 2025,8 de mayo de 2025,350,415,272,292,337,417,412,477,"Dagger, Ice"
Kurtz,No,"Character%20List/Dagger%2048.png, Character%20List/Wind%2069.png",Available in GL,16 de enero de 2025,22 de junio de 2023,22 de enero de 2026,Available in JP,⭐️⭐️⭐️⭐️,Available in GL,,25 de abril de 2024,Orsterra,335,385,246,296,265,315,27 de julio de 2022,,,Yes,2892,3712,Wealth,28 de octubre de 2020,F+ | 8.5,9,カルツ,Thief,Theatropolis,Chance Encounters,Available in GL,30 de octubre de 2025,19 de diciembre de 2024,353,418,288,308,317,397,403,468,"Dagger, Wind"